stnID,stnName,lowConf,highConf,projectDate,method,projectMethodID,projectMethod,quad_enso_fit,quad_enso_coef_pval,quad_enso_pval,quad_enso_pred,quad_enso_rmse,quad_fit,quad_coef_pval,quad_pval,quad_pred,quad_rmse,lin_enso_fit,lin_enso_coef_pval,lin_enso_pval,lin_enso_pred,lin_enso_rmse,lin_fit,lin_coef_pval,lin_pval,lin_pred,lin_rmse,no_t_quad_fit,no_t_quad_coef_pval,no_t_quad_pval,no_t_quad_pred,no_t_quad_rmse,no_t_lin_fit,no_t_lin_coef_pval,no_t_lin_pval,no_t_lin_pred,no_t_lin_rmse,avg19,stdev19,pred_2k
1611400.0,"NAWILIWILI, HI",10,19,06/24/2026,Quad,3,Quadratic,"{'Intercept': 28411.838993135203, 'np.power(x, 2)': 0.007252903709709104, 'x': -28.710790103309037, 'z': -108.47387072059254, 'x:z': 0.05487680317659102, 'np.power(z, 2)': -0.20113586751816315}","{'Intercept': 0.0, 'np.power(x, 2)': 0.0, 'x': 0.0, 'z': 0.132, 'x:z': 0.129, 'np.power(z, 2)': 0.792}",1.621277131755609e-08,19.20655294531025,4.352803328902608,"{'Intercept': 28024.04359034877, 'np.power(x, 2)': 0.0071544014933456355, 'x': -28.31995724599728}","{'Intercept': 0.0, 'np.power(x, 2)': 0.0, 'x': 0.0}",6.175461897284379e-10,14.310314058267977,4.463939360504953,"{'Intercept': -308.2061503486636, 'x': 0.15611821379848628, 'z': 0.6942471669775405}","{'Intercept': 0.0, 'x': 0.0, 'z': 0.404}",1.5978096122562165e-05,9.477845141024716,5.18338206186262,"{'Intercept': -305.09691482227095, 'x': 0.15456069751844595}","{'Intercept': 0.0, 'x': 0.0}",3.4475767086271686e-06,8.043058350100523,5.21015808334775,"{'Intercept': 2.463398624783213, 'np.power(z, 2)': 0.016118240149991175, 'z': 0.43527087581830903}","{'Intercept': 0.011, 'np.power(z, 2)': 0.988, 'z': 0.672}",0.9020620356969933,3.3984133370197958,6.088233913030542,"{'Intercept': 2.472670263165102, 'z': 0.4404113152778157}","{'Intercept': 0.001, 'z': 0.649}",0.6487987518469935,3.3534928937207336,6.088244919964035,7.421052631578948,10.0737049869322,1.7350717367517063
1612340.0,"Honolulu, HI",8,19,06/24/2026,Quad,3,Quadratic,"{'Intercept': 18703.099419137274, 'np.power(x, 2)': 0.0048066871036247715, 'x': -18.963181368628383, 'z': 110.52695276150999, 'x:z': -0.055874068880282436, 'np.power(z, 2)': -0.8662506299726271}","{'Intercept': 0.003, 'np.power(x, 2)': 0.003, 'x': 0.003, 'z': 0.19, 'x:z': 0.188, 'np.power(z, 2)': 0.366}",1.2258228168873957e-05,4.774335954502021,5.472951529591748,"{'Intercept': 19548.78657126861, 'np.power(x, 2)': 0.00502030782855942, 'x': -19.813531960187376}","{'Intercept': 0.002, 'np.power(x, 2)': 0.002, 'x': 0.002}",1.354616790088684e-06,13.307876428953023,5.629455269408006,"{'Intercept': -275.13574269000986, 'x': 0.13986339914075657, 'z': -0.9062908426690804}","{'Intercept': 0.0, 'x': 0.0, 'z': 0.337}",0.00012231919815287455,6.414922283824808,5.992783240109127,"{'Intercept': -278.660720492748, 'x': 0.1416313645367811}","{'Intercept': 0.0, 'x': 0.0}",3.3423138687348974e-05,8.284424058770526,6.0314738457943795,"{'Intercept': 3.3727367487597153, 'np.power(z, 2)': -0.8956078722497381, 'z': -0.8616584033025823}","{'Intercept': 0.001, 'np.power(z, 2)': 0.429, 'z': 0.438}",0.4082971018282344,-1.9330115468444018,6.707579286500232,"{'Intercept': 2.867008296730112, 'z': -1.1395802830649095}","{'Intercept': 0.001, 'z': 0.28}",0.2795340485235583,0.5878477306002927,6.737001837097141,8.0,11.392004993756707,2.9539651315426454
1612480.0,"MOKUOLOE, HI",11,23,06/24/2026,Quad,3,Quadratic,"{'Intercept': 56826.37055146847, 'np.power(x, 2)': 0.01431620604425438, 'x': -57.04438499568317, 'z': 147.26259353180413, 'x:z': -0.0736218476646141, 'np.power(z, 2)': -1.7407106276918238}","{'Intercept': 0.034, 'np.power(x, 2)': 0.032, 'x': 0.033, 'z': 0.455, 'x:z': 0.455, 'np.power(z, 2)': 0.192}",0.0011574774753045185,7.080528936079645,6.000265382700178,"{'Intercept': 58978.86117446512, 'np.power(x, 2)': 0.014854113142462209, 'x': -59.196998849574015}","{'Intercept': 0.027, 'np.power(x, 2)': 0.025, 'x': 0.026}",0.0001346529560473277,17.063222377371858,6.236284869314941,"{'Intercept': -605.3916473870635, 'x': 0.304547903504304, 'z': -0.7123467804241699}","{'Intercept': 0.0, 'x': 0.0, 'z': 0.591}",0.0014734073166327943,10.197711551808084,6.61104352944868,"{'Intercept': -613.4869390694189, 'x': 0.3085872745936177}","{'Intercept': 0.0, 'x': 0.0}",0.0003272226373897105,11.710879257250554,6.634708859808172,"{'Intercept': 5.974411802986971, 'np.power(z, 2)': -2.035483616315685, 'z': -0.30579286025305}","{'Intercept': 0.0, 'np.power(z, 2)': 0.205, 'z': 0.853}",0.32903403774370865,-2.7791083827818683,7.54328818280242,"{'Intercept': 4.709906833327808, 'z': -1.1795033321176351}","{'Intercept': 0.0, 'z': 0.437}",0.4373039588700538,2.3509001690925375,7.694468025903488,8.210526315789474,9.953106423895012,1.3160451659205137
1615680.0,"KAHULUI, HI",12,23,06/24/2026,Quad,3,Quadratic,"{'Intercept': 35011.227496789405, 'np.power(x, 2)': 0.008940524854957946, 'x': -35.385357902465955, 'z': 75.38070292651791, 'x:z': -0.03774289969983835, 'np.power(z, 2)': -0.946408681448145}","{'Intercept': 0.0, 'np.power(x, 2)': 0.0, 'x': 0.0, 'z': 0.414, 'x:z': 0.415, 'np.power(z, 2)': 0.376}",1.6983339956003947e-07,12.491727486252785,5.520942476182493,"{'Intercept': 34898.90589499734, 'np.power(x, 2)': 0.008911242623971534, 'x': -35.27088073720295}","{'Intercept': 0.0, 'np.power(x, 2)': 0.0, 'x': 0.0}",3.131417720815211e-09,17.86525021714624,5.593054177454293,"{'Intercept': -360.8091992889585, 'x': 0.18295817842274603, 'z': -0.5343290340356933}","{'Intercept': 0.0, 'x': 0.0, 'z': 0.631}",8.814457246241077e-05,8.795412127453574,6.5980320753014725,"{'Intercept': -363.99229304329117, 'x': 0.18454518730588912}","{'Intercept': 0.0, 'x': 0.0}",1.6177071798571823e-05,9.896256438440162,6.610417616036545,"{'Intercept': 3.82082379658047, 'np.power(z, 2)': -0.5407999099867509, 'z': -0.7173764871531955}","{'Intercept': 0.003, 'np.power(z, 2)': 0.706, 'z': 0.615}",0.7053890475751632,0.2228711823270757,7.627281859212735,"{'Intercept': 3.517973628285182, 'z': -0.9529592280488708}","{'Intercept': 0.001, 'z': 0.455}",0.4546343428342744,1.6120551721874405,7.636109581433848,9.68421052631579,12.24768745327935,2.1149164775779354
1617433.0,"Kawaihae, HI",27,46,06/24/2026,Quad,3,Quadratic,"{'Intercept': 232379.030499012, 'np.power(x, 2)': 0.05809171882044601, 'x': -232.37317080531287, 'z': -41.525125051635605, 'x:z': 0.020298452598698148, 'np.power(z, 2)': -3.1549295884422963}","{'Intercept': 0.006, 'np.power(x, 2)': 0.006, 'x': 0.006, 'z': 0.943, 'x:z': 0.944, 'np.power(z, 2)': 0.272}",0.00017584372512234448,25.24984995406703,9.311891364763481,"{'Intercept': 231644.2720400993, 'np.power(x, 2)': 0.05790260582754097, 'x': -231.62831257268462}","{'Intercept': 0.003, 'np.power(x, 2)': 0.003, 'x': 0.003}",6.423986185644496e-06,36.74724560781033,9.624019727756151,"{'Intercept': -1765.0218033463984, 'x': 0.882793221222166, 'z': -0.48766196575465076}","{'Intercept': 0.0, 'x': 0.0, 'z': 0.865}",0.0005440723196033668,22.541938918200458,11.158819148205296,"{'Intercept': -1769.8847775800257, 'x': 0.8852224199288032}","{'Intercept': 0.0, 'x': 0.0}",9.339428391522104e-05,23.5758451957297,11.16432294961614,"{'Intercept': 9.354365634210593, 'np.power(z, 2)': -2.351563624189651, 'z': -0.6202559076242377}","{'Intercept': 0.008, 'np.power(z, 2)': 0.544, 'z': 0.871}",0.7727467381293308,-1.2924006777964863,14.213387312158101,"{'Intercept': 8.106119561372477, 'z': -1.3618677042801561}","{'Intercept': 0.004, 'z': 0.705}",0.7050634123765128,5.382384152812165,14.302431994025133,13.421052631578947,17.32793438184484,-1.9297951060871128
1617760.0,"HILO, HI",19,35,06/24/2026,Quad,3,Quadratic,"{'Intercept': 39938.498416684226, 'np.power(x, 2)': 0.010257403285047009, 'x': -40.48065756729637, 'z': 11.694413644423767, 'x:z': -0.005373750145135614, 'np.power(z, 2)': -2.0089544972125246}","{'Intercept': 0.0, 'np.power(x, 2)': 0.0, 'x': 0.0, 'z': 0.92, 'x:z': 0.926, 'np.power(z, 2)': 0.131}",6.982529910129369e-10,21.581845507316757,7.5552100649182306,"{'Intercept': 40781.73091152942, 'np.power(x, 2)': 0.010467639379668778, 'x': -41.323386020479674}","{'Intercept': 0.0, 'np.power(x, 2)': 0.0, 'x': 0.0}",1.3604703092724447e-11,26.818972418921476,7.692018063637647,"{'Intercept': -561.7076826696909, 'x': 0.2853004269022705, 'z': 0.33655397588955743}","{'Intercept': 0.0, 'x': 0.0, 'z': 0.81}",6.027050754567087e-07,16.98409018608811,8.924293564455706,"{'Intercept': -560.3506312868215, 'x': 0.2846206829567736}","{'Intercept': 0.0, 'x': 0.0}",8.061330708429578e-08,16.290872383601936,8.92789801543711,"{'Intercept': 6.1202826847166865, 'np.power(z, 2)': -1.5538891860349038, 'z': 0.3244128748726131}","{'Intercept': 0.0, 'np.power(z, 2)': 0.396, 'z': 0.856}",0.6926071654745911,0.5535516903222977,10.832927135557641,"{'Intercept': 5.242766346279791, 'z': -0.1481971221316435}","{'Intercept': 0.0, 'z': 0.93}",0.9302719795620092,4.946372102016504,10.887755215858576,16.333333333333332,17.91154737625325,5.5163892451892025
1619910.0,MIDWAY ISLAND,5,12,06/24/2026,Lin,1,Linear,"{'Intercept': 6498.489020375697, 'np.power(x, 2)': 0.0016949987723514353, 'x': -6.636807793285812, 'z': -15.992095372547785, 'x:z': 0.008166511256829153, 'np.power(z, 2)': 0.34216459411146016}","{'Intercept': 0.139, 'np.power(x, 2)': 0.127, 'x': 0.133, 'z': 0.775, 'x:z': 0.772, 'np.power(z, 2)': 0.573}",9.89698149319149e-05,12.212383323062568,3.4137774627020048,"{'Intercept': 6341.717053482713, 'np.power(x, 2)': 0.0016553776323733032, 'x': -6.479077811513145}","{'Intercept': 0.142, 'np.power(x, 2)': 0.129, 'x': 0.135}",2.9615791983142868e-06,9.894245896602115,3.437392144375749,"{'Intercept': -209.5304103902756, 'x': 0.10757417433887748, 'z': 0.34257004478822783}","{'Intercept': 0.0, 'x': 0.0, 'z': 0.546}",7.857023166743498e-06,9.100006909866636,3.487815299253775,"{'Intercept': -209.0993649444095, 'x': 0.10735534585918033}","{'Intercept': 0.0, 'x': 0.0}",1.372481728024119e-06,8.402565766289854,3.497397737691306,"{'Intercept': 4.248792063300012, 'np.power(z, 2)': 0.4935057509774836, 'z': 0.14555464727930803}","{'Intercept': 0.0, 'np.power(z, 2)': 0.487, 'z': 0.836}",0.7143247169441329,6.513924361768563,4.1358330123781055,"{'Intercept': 4.532297930028006, 'z': 0.289839002178353}","{'Intercept': 0.0, 'z': 0.665}",0.664991956526858,5.111975934384713,4.15088245981637,7.7894736842105265,4.3916454442045225,5.611326773951163
1630000.0,"APRA HARBOR, GUAM",13,36,06/24/2026,Quad,3,Quadratic,"{'Intercept': 69140.4709880985, 'np.power(x, 2)': 0.01748621046451413, 'x': -69.54116179106333, 'z': 379.6093669341767, 'x:z': -0.19069787102299374, 'np.power(z, 2)': -2.6977517946917478}","{'Intercept': 0.09, 'np.power(x, 2)': 0.086, 'x': 0.088, 'z': 0.3, 'x:z': 0.297, 'np.power(z, 2)': 0.328}",0.004875409759703672,1.0255773486132966,10.874123848597337,"{'Intercept': 71050.5351426349, 'np.power(x, 2)': 0.017957183535402852, 'x': -71.43873863854202}","{'Intercept': 0.084, 'np.power(x, 2)': 0.081, 'x': 0.082}",0.0015041879446760337,24.070946311985608,11.485069300065264,"{'Intercept': -808.3760509847112, 'x': 0.4070464143651852, 'z': -3.3207924758069596}","{'Intercept': 0.002, 'x': 0.002, 'z': 0.215}",0.003238199968329408,9.65839956753996,11.701879167674836,"{'Intercept': -841.9857581461292, 'x': 0.42382755190404453}","{'Intercept': 0.002, 'x': 0.002}",0.0015354372141313669,16.68886201146495,11.925745763149092,"{'Intercept': 7.160593634692053, 'np.power(z, 2)': -1.7328549509555302, 'z': -3.565555745165992}","{'Intercept': 0.007, 'np.power(z, 2)': 0.578, 'z': 0.267}",0.31113376855150254,-6.901937659462051,13.080151297890996,"{'Intercept': 6.32435511173095, 'z': -4.238749720539544}","{'Intercept': 0.003, 'z': 0.152}",0.15247346962029515,-2.1531443293481374,13.130118403546588,12.157894736842104,18.691243219738357,1.7920071622502292
1770000.0,"PAGO PAGO, AMERICAN SAMOA",5,8,06/24/2026,Quad,3,Quadratic,"{'Intercept': 24958.835871642314, 'np.power(x, 2)': 0.006281471077948762, 'x': -25.04242648235341, 'z': 66.86346290727069, 'x:z': -0.033489174052229766, 'np.power(z, 2)': -0.24834708736791428}","{'Intercept': 0.0, 'np.power(x, 2)': 0.0, 'x': 0.0, 'z': 0.159, 'x:z': 0.158, 'np.power(z, 2)': 0.417}",1.7439519969815918e-07,3.3188009501573106,1.3955526033156127,"{'Intercept': 25639.444743943248, 'np.power(x, 2)': 0.006450041992864256, 'x': -25.719948908404184}","{'Intercept': 0.0, 'np.power(x, 2)': 0.0, 'x': 0.0}",8.482196423808213e-09,6.160822618450766,1.4680905856073194,"{'Intercept': -213.35383519938543, 'x': 0.10710277335857012, 'z': -0.18950639285116025}","{'Intercept': 0.0, 'x': 0.0, 'z': 0.604}",3.23212452785947e-05,3.2573708393753122,1.795121396575924,"{'Intercept': -215.3604576360666, 'x': 0.10810007759966092}","{'Intercept': 0.0, 'x': 0.0}",5.460619725242181e-06,3.650299580846422,1.801079478899233,"{'Intercept': 1.3102187817529956, 'np.power(z, 2)': -0.3837640326024587, 'z': -0.19362642184018505}","{'Intercept': 0.006, 'np.power(z, 2)': 0.418, 'z': 0.701}",0.5333656300926324,-0.6120901923372095,2.274890924378094,"{'Intercept': 1.0868572213588397, 'z': -0.35726858251693616}","{'Intercept': 0.004, 'z': 0.438}",0.43798305142813776,0.37232005632496734,2.2933541856580644,2.611111111111111,3.0896199821316097,-0.2851014080988534
1820000.0,"KWAJALEIN Island, US",22,43,06/24/2026,Lin ENSO,2,Linear With ENSO Sensitivity,"{'Intercept': 41997.81446179603, 'np.power(x, 2)': 0.011056863490204285, 'x': -43.09359295602827, 'z': 619.0466359919567, 'x:z': -0.3180315605943699, 'np.power(z, 2)': -2.1159009739995955}","{'Intercept': 0.17, 'np.power(x, 2)': 0.148, 'x': 0.159, 'z': 0.032, 'x:z': 0.027, 'np.power(z, 2)': 0.295}",4.7275876944286224e-17,16.003120960049273,9.73079893457007,"{'Intercept': 44956.50503973826, 'np.power(x, 2)': 0.011823945833772814, 'x': -46.10772903644871}","{'Intercept': 0.385, 'np.power(x, 2)': 0.361, 'x': 0.373}",3.293014419509798e-08,75.71270108043245,17.211438565831713,"{'Intercept': -2214.9420016108575, 'x': 1.1272200849190002, 'z': -18.02193194758821}","{'Intercept': 0.0, 'x': 0.0, 'z': 0.0}",4.7618572178793355e-18,32.76202653986047,10.73546790872106,"{'Intercept': -2336.716440422316, 'x': 1.1880542986425306}","{'Intercept': 0.0, 'x': 0.0}",5.546128847861021e-09,70.28156862745118,17.3631229854302,"{'Intercept': 40.58574174275505, 'np.power(z, 2)': -1.8805652210974482, 'z': -18.802094456252338}","{'Intercept': 0.0, 'np.power(z, 2)': 0.624, 'z': 0.0}",2.0627578496740075e-05,-4.5407080541394205,19.682713706846467,"{'Intercept': 39.50658975283419, 'z': -19.453591315146408}","{'Intercept': 0.0, 'z': 0.0}",3.4172041088089314e-06,0.599407122541372,19.732513651695434,60.73684210526316,21.976861835584053,39.39215686274565
1890000.0,"WAKE ISLAND, US",10,26,06/24/2026,Quad,3,Quadratic,"{'Intercept': 16292.880793881128, 'np.power(x, 2)': 0.004225078615000253, 'x': -16.593105226025436, 'z': 130.72757207856503, 'x:z': -0.06629768718078927, 'np.power(z, 2)': -0.3818727323673079}","{'Intercept': 0.073, 'np.power(x, 2)': 0.066, 'x': 0.07, 'z': 0.292, 'x:z': 0.288, 'np.power(z, 2)': 0.785}",0.00035332332000228043,9.11781982948014,7.956397403220412,"{'Intercept': 17041.282569869458, 'np.power(x, 2)': 0.0044150380977487575, 'x': -17.34733887235462}","{'Intercept': 0.058, 'np.power(x, 2)': 0.053, 'x': 0.056}",2.7306634840707783e-05,17.87493339397406,8.098992484123709,"{'Intercept': -387.0462477230016, 'x': 0.19764200906759374, 'z': -1.3381832217108778}","{'Intercept': 0.0, 'x': 0.0, 'z': 0.311}",0.0001073543968137989,10.700096204521572,8.26369733904726,"{'Intercept': -392.7296140895516, 'x': 0.20048874235294478}","{'Intercept': 0.0, 'x': 0.0}",3.067023352079267e-05,13.460577917514513,8.326696244330309,"{'Intercept': 6.202929413901441, 'np.power(z, 2)': -0.39697054759906225, 'z': -1.5717284966076932}","{'Intercept': 0.0, 'np.power(z, 2)': 0.803, 'z': 0.318}",0.5073870836704846,1.4715902302898058,9.358612279107746,"{'Intercept': 5.972318339100347, 'z': -1.6955017301038058}","{'Intercept': 0.0, 'z': 0.254}",0.2535414172375445,2.581314878892736,9.362937762165469,11.947368421052632,14.43942782880928,6.757216155248898
8413320.0,"BAR HARBOR, ME",10,17,06/24/2026,Quad,3,Quadratic,"{'Intercept': 11902.74508974254, 'np.power(x, 2)': 0.003083639330106595, 'x': -12.115776163969565, 'z': 24.616529006437148, 'x:z': -0.012290060431801473, 'np.power(z, 2)': -0.2623206356343742}","{'Intercept': 0.002, 'np.power(x, 2)': 0.001, 'x': 0.002, 'z': 0.626, 'x:z': 0.629, 'np.power(z, 2)': 0.662}",1.0480105159283786e-09,11.907383085495894,3.2344517775095736,"{'Intercept': 12009.406998999466, 'np.power(x, 2)': 0.003110120898943404, 'x': -12.222141518274961}","{'Intercept': 0.001, 'np.power(x, 2)': 0.001, 'x': 0.001}",7.2837675485042e-12,13.386893965809577,3.247015075773914,"{'Intercept': -274.99542062890094, 'x': 0.1408484972115491, 'z': -0.0673038555184635}","{'Intercept': 0.0, 'x': 0.0, 'z': 0.908}",1.6747608401588937e-09,10.229027010660559,3.5173344733131406,"{'Intercept': -275.19919463719657, 'x': 0.1409486954064503}","{'Intercept': 0.0, 'x': 0.0}",1.761579220016533e-10,10.36286225627174,3.5176788418403393,"{'Intercept': 4.904218959503764, 'np.power(z, 2)': 0.05773374840478522, 'z': -0.28896831143402246}","{'Intercept': 0.0, 'np.power(z, 2)': 0.946, 'z': 0.737}",0.9422382254446355,4.55721733025486,4.730349143109132,"{'Intercept': 4.933785644487877, 'z': -0.26505729768144326}","{'Intercept': 0.0, 'z': 0.734}",0.7343395295827373,4.40367104912499,4.730511707784129,10.526315789473685,5.015181630173102,5.607558223160595
8418150.0,"PORTLAND, ME",6,13,06/24/2026,Quad,3,Quadratic,"{'Intercept': 8429.090494519807, 'np.power(x, 2)': 0.002176973100727553, 'x': -8.566034891614654, 'z': -32.20159014032921, 'x:z': 0.016535001405238264, 'np.power(z, 2)': -0.601014573399288}","{'Intercept': 0.024, 'np.power(x, 2)': 0.021, 'x': 0.023, 'z': 0.527, 'x:z': 0.518, 'np.power(z, 2)': 0.299}",0.00010884147475645404,10.265630430256351,3.3192826391399146,"{'Intercept': 8546.659832339095, 'np.power(x, 2)': 0.0022056179950904354, 'x': -8.682300771769496}","{'Intercept': 0.021, 'np.power(x, 2)': 0.019, 'x': 0.02}",6.8559655046156425e-06,9.665718349924646,3.372701164895861,"{'Intercept': -166.85427816065288, 'x': 0.08605284270240192, 'z': 0.4948077013948144}","{'Intercept': 0.0, 'x': 0.0, 'z': 0.367}",7.345015336305833e-05,8.478396557203041,3.4840663071888933,"{'Intercept': -164.8144224196841, 'x': 0.08503075871496853}","{'Intercept': 0.0, 'x': 0.0}",1.8433199632391734e-05,7.4578947368421495,3.503711177241447,"{'Intercept': 4.407266314453598, 'np.power(z, 2)': -0.41039740770833477, 'z': 0.4682039825892275}","{'Intercept': 0.0, 'np.power(z, 2)': 0.536, 'z': 0.473}",0.7074206184180963,3.7020846487987145,3.950548875676852,"{'Intercept': 4.178346947251833, 'z': 0.34279385296968057}","{'Intercept': 0.0, 'z': 0.578}",0.578211951062952,4.863934653191194,3.960986576880394,8.157894736842104,4.867844125765383,4.530269161843535
8443970.0,"Boston, MA",11,19,06/24/2026,Quad,3,Quadratic,"{'Intercept': 16909.20750568678, 'np.power(x, 2)': 0.004352017400441735, 'x': -17.15566994849055, 'z': -6.661742866433278, 'x:z': 0.0037025367132732813, 'np.power(z, 2)': -0.44239320439045693}","{'Intercept': 0.0, 'np.power(x, 2)': 0.0, 'x': 0.0, 'z': 0.905, 'x:z': 0.895, 'np.power(z, 2)': 0.486}",1.5197559454007158e-09,15.351185432256898,3.65045936882033,"{'Intercept': 17044.159419515174, 'np.power(x, 2)': 0.004385088595611721, 'x': -17.28942846625786}","{'Intercept': 0.0, 'np.power(x, 2)': 0.0, 'x': 0.0}",1.8414095250627893e-11,15.145263157886802,3.6877450615321004,"{'Intercept': -277.7661409712838, 'x': 0.14242646114896473, 'z': 0.5459671280400875}","{'Intercept': 0.0, 'x': 0.0, 'z': 0.4}",6.261867088705502e-08,11.881803572598926,4.122288044123229,"{'Intercept': -275.5153793574823, 'x': 0.14129870129870017}","{'Intercept': 0.0, 'x': 0.0}",1.0813345869911274e-08,10.755789473684274,4.142509670795007,"{'Intercept': 5.439787761887116, 'np.power(z, 2)': -0.23132611753555626, 'z': 0.3650574353272954}","{'Intercept': 0.0, 'np.power(z, 2)': 0.79, 'z': 0.668}",0.9026621182502852,5.244598162399481,5.166594543342732,"{'Intercept': 5.3107542264679175, 'z': 0.29436829879859117}","{'Intercept': 0.0, 'z': 0.714}",0.7143055502739902,5.8994908240651,5.169132970513258,11.894736842105264,5.98047505398568,5.656869446334895
8447386.0,"Fall River, MA",5,11,06/24/2026,Lin,1,Linear,"{'Intercept': -76126.6449714427, 'np.power(x, 2)': -0.018680021013157005, 'x': 75.4234991582119, 'z': -303.46299855700977, 'x:z': 0.15118997964196104, 'np.power(z, 2)': -0.19164218013479412}","{'Intercept': 0.175, 'np.power(x, 2)': 0.178, 'x': 0.177, 'z': 0.331, 'x:z': 0.33, 'np.power(z, 2)': 0.857}",0.09677645311471263,10.859622568037594,2.9380078847274786,"{'Intercept': -76611.0598271803, 'np.power(x, 2)': -0.018803418802955656, 'x': 75.91247863061264}","{'Intercept': 0.153, 'np.power(x, 2)': 0.156, 'x': 0.154}",0.020353138866508292,5.68000000010943,3.0840131986765282,"{'Intercept': -453.9259292764069, 'x': 0.2280393100494033, 'z': 0.9022809570372461}","{'Intercept': 0.017, 'x': 0.016, 'z': 0.333}",0.035342371813836815,9.886274797758688,3.1589039057116213,"{'Intercept': -455.3333333333259, 'x': 0.22871794871794512}","{'Intercept': 0.017, 'x': 0.016}",0.015507163705118414,8.049230769230917,3.2252333524126207,"{'Intercept': 4.597255854877145, 'np.power(z, 2)': 0.7501607464165181, 'z': 0.5965293026184351}","{'Intercept': 0.0, 'np.power(z, 2)': 0.492, 'z': 0.602}",0.5340018419130333,8.790957445780087,3.554741515136353,"{'Intercept': 5.004038220907745, 'z': 0.9208281196678424}","{'Intercept': 0.0, 'z': 0.374}",0.37407614540118705,6.84569446024343,3.5921585899816866,5.947368421052632,3.763474815919256,2.1025641025643154
8447930.0,"Woods Hole, MA",3,7,06/24/2026,Quad,3,Quadratic,"{'Intercept': 4989.935606355021, 'np.power(x, 2)': 0.001285624479311414, 'x': -5.065133327644038, 'z': -10.262879859116799, 'x:z': 0.005419417496046888, 'np.power(z, 2)': 0.18370980261738698}","{'Intercept': 0.016, 'np.power(x, 2)': 0.014, 'x': 0.015, 'z': 0.73, 'x:z': 0.717, 'np.power(z, 2)': 0.576}",0.000153805630482817,7.215988976477092,1.8145935074301502,"{'Intercept': 4835.024556922218, 'np.power(x, 2)': 0.0012463988273545687, 'x': -4.909166896757401}","{'Intercept': 0.019, 'np.power(x, 2)': 0.017, 'x': 0.018}",2.5900266995402227e-05,5.115777162166523,1.8730124922983682,"{'Intercept': -88.47586040969314, 'x': 0.04558472622388979, 'z': 0.5756138135279538}","{'Intercept': 0.0, 'x': 0.0, 'z': 0.071}",8.60139517272614e-05,5.030022546963465,1.906868495260865,"{'Intercept': -87.69674074323864, 'x': 0.045196263573211014}","{'Intercept': 0.0, 'x': 0.0}",8.054384127816526e-05,3.8708892560868833,1.954328352692771,"{'Intercept': 2.045291261829428, 'np.power(z, 2)': 0.2439908895415708, 'z': 0.47175576387450513}","{'Intercept': 0.0, 'np.power(z, 2)': 0.511, 'z': 0.208}",0.24689526756485708,3.9647663477447215,2.1474934405914357,"{'Intercept': 2.1794434854453444, 'z': 0.5486950235323627}","{'Intercept': 0.0, 'z': 0.123}",0.12289525147770887,3.2768335325100697,2.1544809158907396,4.0,2.678893538055459,2.2860728256919174
8449130.0,"Nantucket Island, MA",4,7,06/24/2026,Quad,3,Quadratic,"{'Intercept': 7204.458786920005, 'np.power(x, 2)': 0.0018506224074535066, 'x': -7.3026082256070675, 'z': -36.35225391155529, 'x:z': 0.018509823201220278, 'np.power(z, 2)': -0.12053907563207697}","{'Intercept': 0.057, 'np.power(x, 2)': 0.052, 'x': 0.055, 'z': 0.329, 'x:z': 0.322, 'np.power(z, 2)': 0.722}",1.0138200175410236e-05,7.395042262422066,1.8109301058002802,"{'Intercept': 6955.618512384547, 'np.power(x, 2)': 0.001787663488980323, 'x': -7.052306999414644}","{'Intercept': 0.067, 'np.power(x, 2)': 0.061, 'x': 0.064}",9.3471981928859e-07,5.4239508642740475,1.8760845164295668,"{'Intercept': -166.30555682140684, 'x': 0.0842313306726439, 'z': 0.5364754754181102}","{'Intercept': 0.0, 'x': 0.0, 'z': 0.102}",1.4154245020224804e-06,5.420070072205931,1.890037191752638,"{'Intercept': -164.02817476680502, 'x': 0.08308986337671109}","{'Intercept': 0.0, 'x': 0.0}",7.604550250616947e-07,4.311888434411657,1.936253305300741,"{'Intercept': 1.8795901870464924, 'np.power(z, 2)': -0.10590295338853203, 'z': 0.4836673913770513}","{'Intercept': 0.0, 'np.power(z, 2)': 0.803, 'z': 0.26}",0.5249102787293297,2.4233131562464667,2.376404253625239,"{'Intercept': 1.8143235703022214, 'z': 0.4509064783107684}","{'Intercept': 0.0, 'z': 0.266}",0.2659416563147269,2.716136526923758,2.3777310543023344,3.8947368421052633,3.0893137828849317,1.658469476549726
8452660.0,"Newport, RI",4,8,06/24/2026,Quad,3,Quadratic,"{'Intercept': 6332.227672594458, 'np.power(x, 2)': 0.0016296238657779625, 'x': -6.4241890346400154, 'z': -15.946138230143028, 'x:z': 0.008234217592660117, 'np.power(z, 2)': 0.14828615799190795}","{'Intercept': 0.008, 'np.power(x, 2)': 0.007, 'x': 0.008, 'z': 0.627, 'x:z': 0.617, 'np.power(z, 2)': 0.7}",9.319142013429156e-05,7.964577156953055,2.1135796778677594,"{'Intercept': 6168.893032549526, 'np.power(x, 2)': 0.0015879662036608563, 'x': -6.259160344323809}","{'Intercept': 0.01, 'np.power(x, 2)': 0.009, 'x': 0.009}",6.398502804462443e-06,5.920939927317704,2.1514453521351795,"{'Intercept': -105.217147316705, 'x': 0.05408619552422731, 'z': 0.4734365139411176}","{'Intercept': 0.0, 'x': 0.0, 'z': 0.19}",8.806666885564591e-05,5.308357843261774,2.2312388243405694,"{'Intercept': -102.7059977720294, 'x': 0.052831421566721944}","{'Intercept': 0.0, 'x': 0.0}",3.609073474327476e-05,4.330462322149259,2.258184191369034,"{'Intercept': 2.1214951070493004, 'np.power(z, 2)': 0.32525372802872426, 'z': 0.22509527995913894}","{'Intercept': 0.0, 'np.power(z, 2)': 0.465, 'z': 0.606}",0.5313389195933904,3.8727005790824753,2.517989047922517,"{'Intercept': 2.294229711681986, 'z': 0.34547097179668484}","{'Intercept': 0.0, 'z': 0.392}",0.3922355758678645,2.9851716552753556,2.52741026652855,4.631578947368421,3.286513287763078,2.43715854533275
8454000.0,"Providence, RI",6,12,06/24/2026,Quad,3,Quadratic,"{'Intercept': 12013.72840961722, 'np.power(x, 2)': 0.003070813823772358, 'x': -12.14683722974515, 'z': -37.71525448589606, 'x:z': 0.019276330396451307, 'np.power(z, 2)': 0.07088405634160289}","{'Intercept': 0.002, 'np.power(x, 2)': 0.001, 'x': 0.002, 'z': 0.399, 'x:z': 0.391, 'np.power(z, 2)': 0.875}",8.619251371804116e-06,11.892703080169667,2.551415635868296,"{'Intercept': 11811.964785047338, 'np.power(x, 2)': 0.0030192991364248593, 'x': -11.942907619409702}","{'Intercept': 0.002, 'np.power(x, 2)': 0.001, 'x': 0.002}",7.206026182215859e-07,8.878650227128674,2.62311829524495,"{'Intercept': -162.02433432482667, 'x': 0.08316358131538613, 'z': 0.7951958575483663}","{'Intercept': 0.0, 'x': 0.0, 'z': 0.082}",2.534565186491582e-05,8.05547313524238,2.7685046979626415,"{'Intercept': -155.58389964681567, 'x': 0.07994154183412516}","{'Intercept': 0.0, 'x': 0.0}",1.9338267734545455e-05,6.377664109121923,2.8332894301879867,"{'Intercept': 3.4724426870662706, 'np.power(z, 2)': 0.15638142687472817, 'z': 0.5124689755515194}","{'Intercept': 0.0, 'np.power(z, 2)': 0.777, 'z': 0.356}",0.5356554140066725,5.122906345668222,3.2194026383339134,"{'Intercept': 3.561698462785515, 'z': 0.5649118489997975}","{'Intercept': 0.0, 'z': 0.278}",0.2780530777227661,4.6915221607851105,3.221374871430269,6.578947368421052,4.194120083504262,3.3460919273711625
8461490.0,"New London, CT",3,7,06/24/2026,Quad,3,Quadratic,"{'Intercept': 4864.4864926186465, 'np.power(x, 2)': 0.0012518882332294694, 'x': -4.934817109605532, 'z': -9.06740186666702, 'x:z': 0.004865200723498109, 'np.power(z, 2)': 0.023933492061353936}","{'Intercept': 0.019, 'np.power(x, 2)': 0.017, 'x': 0.018, 'z': 0.747, 'x:z': 0.73, 'np.power(z, 2)': 0.94}",0.0003504011586721271,6.817337743770622,1.818967679911429,"{'Intercept': 4813.622569187275, 'np.power(x, 2)': 0.0012383662235949905, 'x': -4.882336729284122}","{'Intercept': 0.021, 'np.power(x, 2)': 0.019, 'x': 0.02}",8.471385669420712e-05,5.100472858634021,1.8798552658496233,"{'Intercept': -80.23547151760896, 'x': 0.04153082873731903, 'z': 0.618719703424578}","{'Intercept': 0.0, 'x': 0.0, 'z': 0.042}",0.0001709569577267876,5.143426911048564,1.89853774048627,"{'Intercept': -77.35434309013631, 'x': 0.04008742761265514}","{'Intercept': 0.0, 'x': 0.0}",0.0002694328035780403,3.8627852531029987,1.955130824396687,"{'Intercept': 2.282069995598017, 'np.power(z, 2)': 0.0804699243098514, 'z': 0.5117892382109394}","{'Intercept': 0.0, 'np.power(z, 2)': 0.821, 'z': 0.146}",0.2670078877848777,3.6275281692593015,2.1057171873927985,"{'Intercept': 2.327685887127653, 'z': 0.536603108966996}","{'Intercept': 0.0, 'z': 0.106}",0.10635687692865275,3.400892105061645,2.106485034023389,4.052631578947368,2.3445844031281564,2.414004998992823
8465705.0,"New Haven, CT",4,10,06/24/2026,Lin,1,Linear,"{'Intercept': -77256.75571450526, 'np.power(x, 2)': -0.018984501673847454, 'x': 76.59777589530276, 'z': -254.4504325227594, 'x:z': 0.12708384361551253, 'np.power(z, 2)': -0.6356660985314839}","{'Intercept': 0.132, 'np.power(x, 2)': 0.134, 'x': 0.133, 'z': 0.369, 'x:z': 0.366, 'np.power(z, 2)': 0.512}",0.12122146701274993,8.610061667044647,2.6687869737549463,"{'Intercept': -72049.97313648762, 'np.power(x, 2)': -0.01770451770415179, 'x': 71.43435897288444}","{'Intercept': 0.149, 'np.power(x, 2)': 0.15, 'x': 0.15}",0.04773862020127982,4.72923076931329,2.865599020092631,"{'Intercept': -343.06661310692755, 'x': 0.1727882846762171, 'z': 1.1792124191168603}","{'Intercept': 0.044, 'x': 0.041, 'z': 0.17}",0.052386426300042206,9.360876485321967,2.877197805922202,"{'Intercept': -344.90598290598, 'x': 0.1736752136752123}","{'Intercept': 0.047, 'x': 0.044}",0.04390637869453059,6.960000000000093,3.000258590652206,"{'Intercept': 4.569236070090904, 'np.power(z, 2)': 0.186667472447266, 'z': 1.112568415164533}","{'Intercept': 0.0, 'np.power(z, 2)': 0.847, 'z': 0.278}",0.4298908986509764,7.541042790209033,3.152934256499698,"{'Intercept': 4.6704584233875535, 'z': 1.1932658400637017}","{'Intercept': 0.0, 'z': 0.194}",0.19404473505439,7.056990103514957,3.155559022087468,5.315789473684211,3.43272861307068,2.4444444444445708
8467150.0,"Bridgeport, CT",7,12,06/24/2026,Quad,3,Quadratic,"{'Intercept': 16314.127698324262, 'np.power(x, 2)': 0.004153899354690724, 'x': -16.463398717807177, 'z': -56.51801085428213, 'x:z': 0.02883945533524279, 'np.power(z, 2)': 0.16327371975723207}","{'Intercept': 0.011, 'np.power(x, 2)': 0.01, 'x': 0.011, 'z': 0.333, 'x:z': 0.324, 'np.power(z, 2)': 0.738}",1.568825936558633e-06,14.16742985028759,2.519279717975019,"{'Intercept': 15785.602042939441, 'np.power(x, 2)': 0.004020304156424968, 'x': -15.931894325697003}","{'Intercept': 0.016, 'np.power(x, 2)': 0.014, 'x': 0.015}",5.649047341004762e-07,9.630122655125888,2.6969457076320156,"{'Intercept': -252.13669857522544, 'x': 0.12811028775098346, 'z': 0.9787042291038155}","{'Intercept': 0.0, 'x': 0.0, 'z': 0.048}",1.6196138167713131e-06,9.372152866474693,2.751079093554762,"{'Intercept': -254.38636363636502, 'x': 0.1292207792207799}","{'Intercept': 0.0, 'x': 0.0}",1.678209305330946e-06,7.414935064935065,2.8557281400104437,"{'Intercept': 3.635117690324624, 'np.power(z, 2)': 0.20934395109849985, 'z': 0.979908720525189}","{'Intercept': 0.0, 'np.power(z, 2)': 0.739, 'z': 0.126}",0.22311635758909826,6.432310935769001,3.4392805501223687,"{'Intercept': 3.7655928076418808, 'z': 1.0406651266362825}","{'Intercept': 0.0, 'z': 0.088}",0.08775235682105795,5.846923060914445,3.4429322389975203,6.684210526315789,4.150671051220344,3.030017245308045
8510560.0,"Montauk, NY",4,7,06/24/2026,Quad,3,Quadratic,"{'Intercept': 4492.536962197652, 'np.power(x, 2)': 0.0011637677786537548, 'x': -4.572471653341051, 'z': -2.3871545068564646, 'x:z': 0.0014625476485085665, 'np.power(z, 2)': 0.043043057960768426}","{'Intercept': 0.035, 'np.power(x, 2)': 0.031, 'x': 0.033, 'z': 0.934, 'x:z': 0.92, 'np.power(z, 2)': 0.899}",3.2366316876943896e-05,6.9231694319496455,1.844377228880603,"{'Intercept': 4461.280332125687, 'np.power(x, 2)': 0.0011554197470965738, 'x': -4.540134425952057}","{'Intercept': 0.035, 'np.power(x, 2)': 0.032, 'x': 0.033}",2.4347877893597857e-06,5.591690980195381,1.886563919061479,"{'Intercept': -104.11658014470824, 'x': 0.05360416081101983, 'z': 0.5335667001241736}","{'Intercept': 0.0, 'x': 0.0, 'z': 0.095}",6.120932628716459e-06,5.5525830586663005,1.9123136259882123,"{'Intercept': -102.16550432272236, 'x': 0.05262832166784721}","{'Intercept': 0.0, 'x': 0.0}",3.81900627949274e-06,4.459475376336087,1.952299922042592,"{'Intercept': 2.3586953814359255, 'np.power(z, 2)': 0.1534488614077539, 'z': 0.3971276467888873}","{'Intercept': 0.0, 'np.power(z, 2)': 0.701, 'z': 0.311}",0.4587040546154676,3.766746120644716,2.2555169989780754,"{'Intercept': 2.4413459926987624, 'z': 0.4429563455919322}","{'Intercept': 0.0, 'z': 0.233}",0.23330987384125243,3.3272586838826266,2.2579821020077575,4.368421052631579,2.6501682612365385,2.6904686078696614
8516945.0,"Kings Point, NY",16,22,06/24/2026,Quad ENSO,4,Quadratic With ENSO Sensitivity,"{'Intercept': 13171.271898614836, 'np.power(x, 2)': 0.0033827066208694215, 'x': -13.348482622522978, 'z': -117.77872349377877, 'x:z': 0.05976813123219472, 'np.power(z, 2)': 0.021369795288974168}","{'Intercept': 0.0, 'np.power(x, 2)': 0.0, 'x': 0.0, 'z': 0.018, 'x:z': 0.017, 'np.power(z, 2)': 0.969}",2.999584501760585e-08,18.86928705354694,3.073334002327897,"{'Intercept': 12693.46203959069, 'np.power(x, 2)': 0.0032609337747540627, 'x': -12.866034580121632}","{'Intercept': 0.001, 'np.power(x, 2)': 0.001, 'x': 0.001}",6.579010784862132e-08,11.952583086671439,3.3254602177759356,"{'Intercept': -189.23359525474206, 'x': 0.09771955357081971, 'z': 1.1611779885724798}","{'Intercept': 0.0, 'x': 0.0, 'z': 0.041}",3.1771434070726242e-06,11.068576256883631,3.5094489268428393,"{'Intercept': -186.270110735215, 'x': 0.09622871720925061}","{'Intercept': 0.0, 'x': 0.0}",3.966653538400678e-06,8.689270330726714,3.6130389281178528,"{'Intercept': 4.792669951213053, 'np.power(z, 2)': 0.40267040532897697, 'z': 0.9374066330063875}","{'Intercept': 0.0, 'np.power(z, 2)': 0.562, 'z': 0.173}",0.2377821963085677,8.278164838541736,4.101430439815289,"{'Intercept': 5.013333333333333, 'z': 1.0510948905109483}","{'Intercept': 0.0, 'z': 0.11}",0.11017031488602332,7.115523114355229,4.11108966479139,9.210526315789474,5.050620944975435,5.127978363676448
8518750.0,"The Battery, NY",16,21,06/24/2026,Quad ENSO,4,Quadratic With ENSO Sensitivity,"{'Intercept': 16971.521489887335, 'np.power(x, 2)': 0.004365996596518687, 'x': -17.21527599939766, 'z': -101.80254663091361, 'x:z': 0.05167568338807201, 'np.power(z, 2)': -0.37269134871279}","{'Intercept': 0.0, 'np.power(x, 2)': 0.0, 'x': 0.0, 'z': 0.03, 'x:z': 0.029, 'np.power(z, 2)': 0.461}",9.722999179528685e-14,18.667771351403644,2.8002825463346577,"{'Intercept': 16949.56485688934, 'np.power(x, 2)': 0.004358870129047756, 'x': -17.190178193613516}","{'Intercept': 0.0, 'np.power(x, 2)': 0.0, 'x': 0.0}",2.8076814302761178e-14,14.013442447587295,2.991029524714058,"{'Intercept': -270.3393761184425, 'x': 0.1382339405565171, 'z': 0.8976001767774661}","{'Intercept': 0.0, 'x': 0.0, 'z': 0.111}",1.0448279438154197e-09,11.517787802616112,3.46893940244138,"{'Intercept': -268.93920517439904, 'x': 0.13752660251980073}","{'Intercept': 0.0, 'x': 0.0}",4.065231597008002e-10,9.689691530717255,3.5321473020155585,"{'Intercept': 4.446824358849696, 'np.power(z, 2)': 0.05724944444596, 'z': 0.7866749209891916}","{'Intercept': 0.0, 'np.power(z, 2)': 0.942, 'z': 0.309}",0.5539539327325689,6.249171978611919,4.603371167542151,"{'Intercept': 4.478395523256009, 'z': 0.8025374418890584}","{'Intercept': 0.0, 'z': 0.276}",0.2764769372923949,6.083470407034126,4.603544380044392,10.157894736842104,5.14525842018905,4.6889858533322695
8519483.0,"Bergen Point, NY",10,15,06/24/2026,Lin ENSO,2,Linear With ENSO Sensitivity,"{'Intercept': 12405.492562677317, 'np.power(x, 2)': 0.0032035910251624797, 'x': -12.608002451847728, 'z': -64.38607277441011, 'x:z': 0.032722576644521884, 'np.power(z, 2)': -0.0333802039130684}","{'Intercept': 0.344, 'np.power(x, 2)': 0.327, 'x': 0.336, 'z': 0.441, 'x:z': 0.433, 'np.power(z, 2)': 0.952}",8.861976892254464e-06,15.069004232776933,2.5127879354455516,"{'Intercept': 14856.666578850603, 'np.power(x, 2)': 0.003813047417690495, 'x': -15.052553019834694}","{'Intercept': 0.266, 'np.power(x, 2)': 0.252, 'x': 0.259}",1.2856190504194017e-06,11.518382921662123,2.6911167028537752,"{'Intercept': -448.2012251722318, 'x': 0.22622034246232267, 'z': 1.1895544400971316}","{'Intercept': 0.0, 'x': 0.0, 'z': 0.025}",1.9706610658589405e-07,12.500297536628239,2.564766940682651,"{'Intercept': -433.1171974178101, 'x': 0.21870188801555235}","{'Intercept': 0.0, 'x': 0.0}",3.1545496057661405e-07,9.972827701698975,2.7372872191987856,"{'Intercept': 4.7185956032215515, 'np.power(z, 2)': 0.14630688344708084, 'z': 0.8072499205757542}","{'Intercept': 0.0, 'np.power(z, 2)': 0.854, 'z': 0.326}",0.5027141567869979,6.918322978161383,3.7438850108754664,"{'Intercept': 4.812678161718693, 'z': 0.8675172078147814}","{'Intercept': 0.0, 'z': 0.244}",0.2437594282272731,6.547712577348255,3.745522218747792,7.823529411764706,3.6096276490388703,4.286578613294637
8531680.0,"Sandy Hook, NJ",17,23,06/24/2026,Quad ENSO,4,Quadratic With ENSO Sensitivity,"{'Intercept': 16368.17297903328, 'np.power(x, 2)': 0.004216842466250631, 'x': -16.615225127723647, 'z': -97.70971424995548, 'x:z': 0.04964163382339911, 'np.power(z, 2)': -0.13302578945607924}","{'Intercept': 0.0, 'np.power(x, 2)': 0.0, 'x': 0.0, 'z': 0.027, 'x:z': 0.025, 'np.power(z, 2)': 0.787}",2.56753668102225e-14,19.69530585962275,2.826649892300105,"{'Intercept': 16048.815223065169, 'np.power(x, 2)': 0.00413520760488873, 'x': -16.29232852916589}","{'Intercept': 0.0, 'np.power(x, 2)': 0.0, 'x': 0.0}",8.881855098780246e-15,14.245033779334335,3.027315312729422,"{'Intercept': -286.8453652858486, 'x': 0.14660173238236734, 'z': 0.9952702995738427}","{'Intercept': 0.0, 'x': 0.0, 'z': 0.068}",7.571204953420323e-11,12.160285119975356,3.43281323530665,"{'Intercept': -282.9743058548714, 'x': 0.14466018849105383}","{'Intercept': 0.0, 'x': 0.0}",4.078740896366107e-11,10.107236028003683,3.5135834258073295,"{'Intercept': 4.446134308919999, 'np.power(z, 2)': 0.18569366525309, 'z': 0.6931176458454209}","{'Intercept': 0.0, 'np.power(z, 2)': 0.815, 'z': 0.375}",0.5807596173269276,6.575144261623201,4.709117219705537,"{'Intercept': 4.550991102601645, 'z': 0.7507414498629731}","{'Intercept': 0.0, 'z': 0.308}",0.3080908169869261,6.052474002327592,4.710922452584963,10.578947368421053,4.958895368411579,4.988584288312268
8534720.0,"Atlantic City, NJ",17,24,06/24/2026,Quad ENSO,4,Quadratic With ENSO Sensitivity,"{'Intercept': 13418.023330694534, 'np.power(x, 2)': 0.0034800287574699796, 'x': -13.666384239905026, 'z': -103.74065492075712, 'x:z': 0.05279958183854505, 'np.power(z, 2)': -0.08476334003904307}","{'Intercept': 0.0, 'np.power(x, 2)': 0.0, 'x': 0.0, 'z': 0.038, 'x:z': 0.036, 'np.power(z, 2)': 0.878}",1.9271580984554557e-13,20.44292315190978,3.185483802755321,"{'Intercept': 13011.016130335169, 'np.power(x, 2)': 0.0033759147133332126, 'x': -13.25468729792497}","{'Intercept': 0.001, 'np.power(x, 2)': 0.001, 'x': 0.001}",1.0660171812146808e-13,14.055766604895325,3.4273004435915704,"{'Intercept': -328.4008907968275, 'x': 0.1674029345888468, 'z': 1.2558672651380698}","{'Intercept': 0.0, 'x': 0.0, 'z': 0.03}",4.101798069251955e-12,13.269189210452282,3.6055289227404255,"{'Intercept': -322.1676967479808, 'x': 0.164284795117377}","{'Intercept': 0.0, 'x': 0.0}",4.10937239656864e-12,10.67329815982498,3.725625972703166,"{'Intercept': 4.141551334457353, 'np.power(z, 2)': 0.3976004361770458, 'z': 0.773710252779063}","{'Intercept': 0.0, 'np.power(z, 2)': 0.645, 'z': 0.367}",0.4884938725014849,7.279373584723662,5.138078292966371,"{'Intercept': 4.361529250769757, 'z': 0.8977648534610562}","{'Intercept': 0.0, 'z': 0.268}",0.26777528144726154,6.157058957691869,5.145693252140188,10.578947368421053,5.852974452491696,5.30038781807707
8536110.0,"Cape May, NJ",15,20,06/24/2026,Quad ENSO,4,Quadratic With ENSO Sensitivity,"{'Intercept': 18828.56525719954, 'np.power(x, 2)': 0.00480746318916239, 'x': -19.02792760973859, 'z': -98.48109860374214, 'x:z': 0.049848043047635286, 'np.power(z, 2)': 0.4373736294446719}","{'Intercept': 0.0, 'np.power(x, 2)': 0.0, 'x': 0.0, 'z': 0.055, 'x:z': 0.053, 'np.power(z, 2)': 0.325}",1.240861432569379e-10,17.834261046791653,2.363192760902885,"{'Intercept': 18349.815863817974, 'np.power(x, 2)': 0.004685811259945516, 'x': -18.54512153476149}","{'Intercept': 0.001, 'np.power(x, 2)': 0.001, 'x': 0.001}",2.1744331471026762e-10,11.136653619323624,2.6492949376628645,"{'Intercept': -326.8695889422956, 'x': 0.16547250947813, 'z': 1.2062139906105043}","{'Intercept': 0.0, 'x': 0.0, 'z': 0.016}",3.351629054012331e-09,10.790143241616818,2.786946558142946,"{'Intercept': -315.75418990822016, 'x': 0.15992152694591563}","{'Intercept': 0.0, 'x': 0.0}",7.076812088662204e-09,8.246823684204912,2.941754922316139,"{'Intercept': 3.205851710609081, 'np.power(z, 2)': 0.5479904898081894, 'z': 0.6770310588804164}","{'Intercept': 0.0, 'np.power(z, 2)': 0.437, 'z': 0.348}",0.3436465369772261,6.751875787602671,3.9217312289722224,"{'Intercept': 3.539011879049675, 'z': 0.850881929445644}","{'Intercept': 0.0, 'z': 0.215}",0.2146491577330316,5.240775737940963,3.943970625127319,7.578947368421052,4.337380026822186,2.8178340770609793
8545240.0,"Philadelphia, PA",10,15,06/24/2026,Quad ENSO,4,Quadratic With ENSO Sensitivity,"{'Intercept': 7520.731906650943, 'np.power(x, 2)': 0.0019392987857045692, 'x': -7.637603544487398, 'z': -90.57804019337009, 'x:z': 0.04572936100603404, 'np.power(z, 2)': 0.2609899968752479}","{'Intercept': 0.006, 'np.power(x, 2)': 0.005, 'x': 0.005, 'z': 0.016, 'x:z': 0.015, 'np.power(z, 2)': 0.533}",1.005948379623311e-06,12.323558427373428,2.3953211426513654,"{'Intercept': 7063.230776954913, 'np.power(x, 2)': 0.0018236723775566651, 'x': -7.177525404667271}","{'Intercept': 0.012, 'np.power(x, 2)': 0.01, 'x': 0.011}",7.53465040880955e-07,7.148547118802526,2.5406315904259267,"{'Intercept': -142.71617624582842, 'x': 0.07308999212586689, 'z': 0.46657314251059}","{'Intercept': 0.0, 'x': 0.0, 'z': 0.262}",1.0798014014417308e-05,6.297294086199059,2.6363383614130673,"{'Intercept': -140.65977957733799, 'x': 0.0720599061532913}","{'Intercept': 0.0, 'x': 0.0}",3.0937182903109667e-06,5.333590289230187,2.659674595740522,"{'Intercept': 2.303390330289101, 'np.power(z, 2)': 0.4906582850830523, 'z': 0.18240270890320187}","{'Intercept': 0.0, 'np.power(z, 2)': 0.343, 'z': 0.718}",0.5012833781217209,4.630828888427714,3.0606732958510543,"{'Intercept': 2.5804761518646266, 'z': 0.331634721537857}","{'Intercept': 0.0, 'z': 0.49}",0.4895192260600396,3.2437455949403406,3.080009801921391,5.2631578947368425,4.253653400485516,2.869477847030794
8551762.0,"Delaware City, DE",7,10,06/24/2026,Lin ENSO,2,Linear With ENSO Sensitivity,"{'Intercept': 5221.455809317254, 'np.power(x, 2)': 0.0013777669396100483, 'x': -5.365571517484935, 'z': -262.1454882500632, 'x:z': 0.13092608657213434, 'np.power(z, 2)': -0.47117570809588527}","{'Intercept': 0.879, 'np.power(x, 2)': 0.87, 'x': 0.875, 'z': 0.13, 'x:z': 0.128, 'np.power(z, 2)': 0.367}",0.004162027115996929,10.431628961368006,1.405960056142202,"{'Intercept': 5809.327625543104, 'np.power(x, 2)': 0.0015202189115540853, 'x': -5.944530252480511}","{'Intercept': 0.879, 'np.power(x, 2)': 0.871, 'x': 0.875}",0.018928093738094107,5.715415019766624,1.8148020934221583,"{'Intercept': -370.6261227415074, 'x': 0.18574016806326626, 'z': 1.3618713862063112}","{'Intercept': 0.001, 'x': 0.001, 'z': 0.006}",0.0003999888371511429,8.407200527082637,1.5103046410638348,"{'Intercept': -353.84405797102073, 'x': 0.17739130434782915}","{'Intercept': 0.005, 'x': 0.004}",0.004417614787569913,5.550724637681128,1.8159651617250392,"{'Intercept': 3.3645359054980077, 'np.power(z, 2)': -0.008753564741254962, 'z': 1.2664542834403647}","{'Intercept': 0.0, 'np.power(z, 2)': 0.989, 'z': 0.061}",0.12057719182945881,5.862430213413718,1.9820861338648332,"{'Intercept': 3.359638877489821, 'z': 1.262666119511348}","{'Intercept': 0.0, 'z': 0.037}",0.03735148269094192,5.884971116512517,1.9820958815538352,3.6315789473684212,2.361979544454408,0.9385507246375937
8551910.0,"Reedy Point, DE",7,10,06/24/2026,Quad ENSO,4,Quadratic With ENSO Sensitivity,"{'Intercept': 11741.986946791538, 'np.power(x, 2)': 0.0029686179482803906, 'x': -11.807894375571044, 'z': -100.44920581345892, 'x:z': 0.05055868829604954, 'np.power(z, 2)': 0.019839626333549177}","{'Intercept': 0.035, 'np.power(x, 2)': 0.032, 'x': 0.033, 'z': 0.029, 'x:z': 0.028, 'np.power(z, 2)': 0.949}",2.230116809640971e-05,8.452539214375065,1.3661754549099294,"{'Intercept': 11315.70139685928, 'np.power(x, 2)': 0.002861489750416657, 'x': -11.380494534368632}","{'Intercept': 0.063, 'np.power(x, 2)': 0.06, 'x': 0.062}",0.00012591169520408157,4.307773009672019,1.58135949144608,"{'Intercept': -161.80044334578832, 'x': 0.08148446285840331, 'z': 0.8488303967688042}","{'Intercept': 0.0, 'x': 0.0, 'z': 0.009}",2.512731349147543e-05,4.984739198874394,1.5218289706112271,"{'Intercept': -151.57498302026895, 'x': 0.07639065311053264}","{'Intercept': 0.0, 'x': 0.0}",0.00013623194552026468,3.1924801816701915,1.6502779764557074,"{'Intercept': 1.2894493352543908, 'np.power(z, 2)': 0.120032657076963, 'z': 0.6270981149762763}","{'Intercept': 0.001, 'np.power(z, 2)': 0.768, 'z': 0.155}",0.20724587603420414,3.023776193514795,1.8863055129702755,"{'Intercept': 1.3564329099944785, 'z': 0.6860850358917725}","{'Intercept': 0.0, 'z': 0.078}",0.07847554915984281,2.7286029817780237,1.888290778437024,2.6315789473684212,2.4991226530700166,0.6713297886435612
8557380.0,"Lewes, DE",17,22,06/24/2026,Quad ENSO,4,Quadratic With ENSO Sensitivity,"{'Intercept': 15426.363668723452, 'np.power(x, 2)': 0.0039706376529003275, 'x': -15.652426312815047, 'z': -84.3310390736765, 'x:z': 0.04284878020283185, 'np.power(z, 2)': 0.431733863500752}","{'Intercept': 0.0, 'np.power(x, 2)': 0.0, 'x': 0.0, 'z': 0.032, 'x:z': 0.031, 'np.power(z, 2)': 0.311}",3.51448064742762e-15,19.417152204992817,2.43970289603352,"{'Intercept': 14865.677114349712, 'np.power(x, 2)': 0.0038284004354022703, 'x': -15.08747904294838}","{'Intercept': 0.0, 'np.power(x, 2)': 0.0, 'x': 0.0}",5.8072834882722685e-15,12.787958921546306,2.6833599082363135,"{'Intercept': -274.66724466595656, 'x': 0.14012004851538354, 'z': 1.0475396435399618}","{'Intercept': 0.0, 'x': 0.0, 'z': 0.031}",1.6530861834206038e-11,11.311052913290382,3.0062589771356127,"{'Intercept': -269.74433752098895, 'x': 0.13765687369748364}","{'Intercept': 0.0, 'x': 0.0}",1.671074565765601e-11,9.14848859011289,3.1081981147557927,"{'Intercept': 3.588498429697174, 'np.power(z, 2)': 0.7217041188751928, 'z': 0.5598646565880552}","{'Intercept': 0.0, 'np.power(z, 2)': 0.31, 'z': 0.427}",0.3041768957516125,7.5950442183740545,4.21373121617335,"{'Intercept': 3.995484265642269, 'z': 0.7821462400673579}","{'Intercept': 0.0, 'z': 0.245}",0.24484286135505626,5.559776745776984,4.24507216052413,9.157894736842104,4.633970674327398,4.3207700620369
8570283.0,"Ocean City Inlet, MD",6,10,06/24/2026,Lin ENSO,2,Linear With ENSO Sensitivity,"{'Intercept': 21568.431098547342, 'np.power(x, 2)': 0.005397711596483014, 'x': -21.578554887723723, 'z': 139.7258983212144, 'x:z': -0.0688504601769496, 'np.power(z, 2)': -0.014073091141525926}","{'Intercept': 0.472, 'np.power(x, 2)': 0.466, 'x': 0.469, 'z': 0.266, 'x:z': 0.27, 'np.power(z, 2)': 0.981}",0.04687216933664334,6.549580665458052,1.8733229527749105,"{'Intercept': 39544.330432235685, 'np.power(x, 2)': 0.009830864637036172, 'x': -39.43253085524392}","{'Intercept': 0.2, 'np.power(x, 2)': 0.197, 'x': 0.199}",0.07570165052574493,6.53705440259364,2.194545686058877,"{'Intercept': -262.62636403294647, 'x': 0.13224836299899, 'z': 1.3635603930338085}","{'Intercept': 0.026, 'x': 0.024, 'z': 0.015}",0.008821169863783982,8.03594018907495,1.9902572283723128,"{'Intercept': -240.05917644569323, 'x': 0.12102230679774892}","{'Intercept': 0.063, 'x': 0.06}",0.05981663411960145,5.1320171265460885,2.280995872744381,"{'Intercept': 3.6725406798717564, 'np.power(z, 2)': -0.18589747927546674, 'z': 1.3771607403466146}","{'Intercept': 0.0, 'np.power(z, 2)': 0.761, 'z': 0.057}",0.11232271888695111,5.683272243463119,2.234260563842073,"{'Intercept': 3.5453095238095242, 'z': 1.2654761904761906}","{'Intercept': 0.0, 'z': 0.036}",0.03640551053239478,6.076261904761905,2.2390710233529996,3.8421052631578947,2.566085602944186,1.9854371498046248
8571892.0,"Cambridge, MD",12,16,06/24/2026,Quad ENSO,4,Quadratic With ENSO Sensitivity,"{'Intercept': 24459.94576971399, 'np.power(x, 2)': 0.0061802762112833694, 'x': -24.590018042943523, 'z': -118.13576705849258, 'x:z': 0.05945703268930627, 'np.power(z, 2)': 0.17311202001974074}","{'Intercept': 0.0, 'np.power(x, 2)': 0.0, 'x': 0.0, 'z': 0.027, 'x:z': 0.026, 'np.power(z, 2)': 0.616}",4.01621700571417e-10,13.941462956350733,1.6011271502927182,"{'Intercept': 24076.233504501393, 'np.power(x, 2)': 0.0060837470973585175, 'x': -24.20506805867458}","{'Intercept': 0.001, 'np.power(x, 2)': 0.001, 'x': 0.001}",1.3175384930679987e-09,8.576318223862472,1.8731949328613333,"{'Intercept': -319.52389154555914, 'x': 0.16083652858446634, 'z': 1.0882275181352823}","{'Intercept': 0.0, 'x': 0.0, 'z': 0.007}",8.682061298624674e-09,8.507370402840252,1.9552100383273288,"{'Intercept': -306.32978723404005, 'x': 0.15425531914893495}","{'Intercept': 0.0, 'x': 0.0}",3.874387085483652e-08,6.191489361702168,2.123666465710332,"{'Intercept': 2.3184634727787214, 'np.power(z, 2)': 0.27159341290156763, 'z': 0.6702982291459815}","{'Intercept': 0.0, 'np.power(z, 2)': 0.65, 'z': 0.289}",0.3627691192148772,4.745433582676955,2.913386700530069,"{'Intercept': 2.476028876411426, 'z': 0.783303510828654}","{'Intercept': 0.0, 'z': 0.175}",0.17486111123989387,4.042635898068734,2.920283644793615,4.894736842105263,3.281170808011224,1.0857765863038367
8573364.0,"Tolchester Beach, MD",7,13,06/24/2026,Quad,3,Quadratic,"{'Intercept': 18501.473132752224, 'np.power(x, 2)': 0.004714320951524046, 'x': -18.67817655172765, 'z': -124.1592023407802, 'x:z': 0.0625379500198218, 'np.power(z, 2)': 0.3972272984445661}","{'Intercept': 0.041, 'np.power(x, 2)': 0.038, 'x': 0.039, 'z': 0.154, 'x:z': 0.15, 'np.power(z, 2)': 0.559}",0.00017364702992811814,16.921782962457655,2.659437495453375,"{'Intercept': 18457.9531277387, 'np.power(x, 2)': 0.004702141868983444, 'x': -18.631965346358726}","{'Intercept': 0.049, 'np.power(x, 2)': 0.045, 'x': 0.047}",0.00010094721432644602,10.360214227406686,2.9861898597206475,"{'Intercept': -385.7309740519268, 'x': 0.19461386752306134, 'z': 1.5092512013727681}","{'Intercept': 0.0, 'x': 0.0, 'z': 0.022}",5.479878327253404e-05,11.575223952540966,2.9297196194163666,"{'Intercept': -352.1179773759314, 'x': 0.17786885985898235}","{'Intercept': 0.0, 'x': 0.0}",0.0001353367857645518,8.244332698366861,3.1822537830422983,"{'Intercept': 4.862356933872074, 'np.power(z, 2)': -0.18793669428535836, 'z': 1.054890811171568}","{'Intercept': 0.0, 'np.power(z, 2)': 0.84, 'z': 0.284}",0.5100933962644295,6.220391779073776,3.898104894869139,"{'Intercept': 4.73198497678867, 'z': 0.951314530991205}","{'Intercept': 0.0, 'z': 0.25}",0.24955801467380742,6.63461403877108,3.900613020217288,6.894736842105263,4.201781855383966,2.5899109550227877
8573927.0,"Chesapeake City, MD",6,8,06/24/2026,Lin ENSO,2,Linear With ENSO Sensitivity,"{'Intercept': 6403.830890149982, 'np.power(x, 2)': 0.0016466713133748226, 'x': -6.494346253037594, 'z': -55.78919818487298, 'x:z': 0.02851407308547964, 'np.power(z, 2)': 0.022253925075967938}","{'Intercept': 0.182, 'np.power(x, 2)': 0.171, 'x': 0.176, 'z': 0.094, 'x:z': 0.088, 'np.power(z, 2)': 0.946}",6.496363158622571e-06,9.387244866853507,1.2386090249732191,"{'Intercept': 6283.680059540025, 'np.power(x, 2)': 0.001615083896058451, 'x': -6.371100000944356}","{'Intercept': 0.289, 'np.power(x, 2)': 0.278, 'x': 0.283}",0.00018642642671468687,5.227563764377919,1.6484432094160075,"{'Intercept': -161.96717404886996, 'x': 0.08218628500108986, 'z': 1.2125561229017163}","{'Intercept': 0.0, 'x': 0.0, 'z': 0.001}",9.157682988949412e-07,6.967351609141531,1.3723436934663906,"{'Intercept': -158.2434736281318, 'x': 0.08031433137986237}","{'Intercept': 0.0, 'x': 0.0}",5.5051715908425415e-05,4.473361747469369,1.6828930632495682,"{'Intercept': 2.728887301018078, 'np.power(z, 2)': -0.07269990732346562, 'z': 1.1717607857942238}","{'Intercept': 0.0, 'np.power(z, 2)': 0.879, 'z': 0.023}",0.062168576549176326,4.781609243312663,2.0140774994658637,"{'Intercept': 2.6813887755256283, 'z': 1.1492011668858357}","{'Intercept': 0.0, 'z': 0.018}",0.01765763265763055,4.9797911092973,2.0149011182741843,3.5789473684210527,2.193824399781355,2.385189131592938
8574680.0,"Baltimore, MD",13,17,06/24/2026,Quad ENSO,4,Quadratic With ENSO Sensitivity,"{'Intercept': 12418.783369697767, 'np.power(x, 2)': 0.0031883379903179633, 'x': -12.584911385570027, 'z': -78.22377203351078, 'x:z': 0.03962313879438871, 'np.power(z, 2)': 0.4780175777665823}","{'Intercept': 0.0, 'np.power(x, 2)': 0.0, 'x': 0.0, 'z': 0.005, 'x:z': 0.005, 'np.power(z, 2)': 0.124}",1.8186071937952594e-15,14.864815918173917,1.7732947742116614,"{'Intercept': 11899.680502033325, 'np.power(x, 2)': 0.0030570204739567767, 'x': -12.06258197399513}","{'Intercept': 0.0, 'np.power(x, 2)': 0.0, 'x': 0.0}",2.625164417371445e-14,8.96799367820131,2.005092736862706,"{'Intercept': -177.4110188090815, 'x': 0.090505307601947, 'z': 0.7292940476075644}","{'Intercept': 0.0, 'x': 0.0, 'z': 0.051}",1.7036072485978e-09,7.411322487678262,2.3386797491998723,"{'Intercept': -173.9633408927463, 'x': 0.08878011367768746}","{'Intercept': 0.0, 'x': 0.0}",1.300373699575205e-09,5.905169418248505,2.4017780111808986,"{'Intercept': 2.1024895952055123, 'np.power(z, 2)': 0.6995498904904699, 'z': 0.3323044768820318}","{'Intercept': 0.0, 'np.power(z, 2)': 0.171, 'z': 0.508}",0.20593793977748465,5.565298110931455,3.028487954897271,"{'Intercept': 2.4928365590315344, 'z': 0.5459253013867568}","{'Intercept': 0.0, 'z': 0.257}",0.2568812313030644,3.584687161805048,3.068366364464715,6.2631578947368425,3.709478928114925,2.5984498701727716
8575512.0,"Annapolis, MD",15,19,06/24/2026,Quad ENSO,4,Quadratic With ENSO Sensitivity,"{'Intercept': 17485.51407872457, 'np.power(x, 2)': 0.00448306217172565, 'x': -17.707671371492193, 'z': -106.78986861038774, 'x:z': 0.05402657131397219, 'np.power(z, 2)': 0.17647150083424154}","{'Intercept': 0.0, 'np.power(x, 2)': 0.0, 'x': 0.0, 'z': 0.002, 'x:z': 0.002, 'np.power(z, 2)': 0.65}",1.893093476023634e-16,17.331398618316598,2.1229671981736384,"{'Intercept': 17007.19554561765, 'np.power(x, 2)': 0.004361804868277299, 'x': -17.225944872986684}","{'Intercept': 0.0, 'np.power(x, 2)': 0.0, 'x': 0.0}",6.537336640501432e-16,11.226992447620432,2.370438987061436,"{'Intercept': -225.35932347597463, 'x': 0.11466461934971832, 'z': 0.7091436339128373}","{'Intercept': 0.0, 'x': 0.0, 'z': 0.148}",6.5772616675723526e-09,8.369482594380344,2.994445268351967,"{'Intercept': -222.67715631420654, 'x': 0.11332696650103301}","{'Intercept': 0.0, 'x': 0.0}",2.1377948868149013e-09,6.923277816886326,3.040475506240376,"{'Intercept': 2.3412670402983844, 'np.power(z, 2)': 0.5175943273763115, 'z': 0.32196862316746155}","{'Intercept': 0.0, 'np.power(z, 2)': 0.456, 'z': 0.639}",0.5408910371888007,5.055581596138554,3.8996664460051234,"{'Intercept': 2.622290299559625, 'z': 0.5196080137856607}","{'Intercept': 0.0, 'z': 0.411}",0.4113325039141321,3.6615063271309465,3.9154951232148996,7.2631578947368425,5.031479849277368,2.52527275347893
8577330.0,"Solomons Island, MD",18,22,06/24/2026,Quad ENSO,4,Quadratic With ENSO Sensitivity,"{'Intercept': 42130.16970165879, 'np.power(x, 2)': 0.010624585206496789, 'x': -42.31402348853688, 'z': -153.67068197008714, 'x:z': 0.07728196347514131, 'np.power(z, 2)': 0.49455212184781344}","{'Intercept': 0.0, 'np.power(x, 2)': 0.0, 'x': 0.0, 'z': 0.019, 'x:z': 0.018, 'np.power(z, 2)': 0.251}",9.011944773078017e-12,20.221381493960507,1.9192135771041943,"{'Intercept': 40834.14780045807, 'np.power(x, 2)': 0.010300363897785955, 'x': -41.01742153114144}","{'Intercept': 0.0, 'np.power(x, 2)': 0.0, 'x': 0.0}",6.538633483433226e-11,12.508260873990366,2.3571985957375348,"{'Intercept': -454.61410114128444, 'x': 0.22865723846427755, 'z': 1.4832417721388589}","{'Intercept': 0.0, 'x': 0.0, 'z': 0.009}",1.1588511548785665e-08,11.611947531619592,2.6829321535334407,"{'Intercept': -437.78798322098044, 'x': 0.22026106918836683}","{'Intercept': 0.0, 'x': 0.0}",4.223953934266383e-08,8.460942954650761,2.9245469013655403,"{'Intercept': 3.125606917044007, 'np.power(z, 2)': 0.34843528153774483, 'z': 0.9275292865767344}","{'Intercept': 0.001, 'np.power(z, 2)': 0.69, 'z': 0.316}",0.40395066801897606,6.374406616348455,4.141590989456748,"{'Intercept': 3.3413003408221464, 'z': 1.080284482159004}","{'Intercept': 0.0, 'z': 0.196}",0.1959473987723233,5.501869305140154,4.149957256448571,6.368421052631579,4.8098339809162445,0.7603293190186378
8594900.0,"Washington, DC",14,19,06/24/2026,Quad ENSO,4,Quadratic With ENSO Sensitivity,"{'Intercept': 11298.795700533963, 'np.power(x, 2)': 0.002908912067012598, 'x': -11.46555208700918, 'z': -112.81979868472668, 'x:z': 0.057206261124988625, 'np.power(z, 2)': 0.08885708041429621}","{'Intercept': 0.0, 'np.power(x, 2)': 0.0, 'x': 0.0, 'z': 0.006, 'x:z': 0.006, 'np.power(z, 2)': 0.85}",7.774976508892413e-10,16.244320861027518,2.597633021524892,"{'Intercept': 10647.559909641797, 'np.power(x, 2)': 0.0027435334467401937, 'x': -10.809143949942614}","{'Intercept': 0.001, 'np.power(x, 2)': 0.001, 'x': 0.001}",3.6037799786172854e-09,9.550161089813628,2.8572639773529214,"{'Intercept': -191.96472814006557, 'x': 0.09814187362084435, 'z': 0.9564717168530099}","{'Intercept': 0.0, 'x': 0.0, 'z': 0.05}",1.38311203372567e-07,8.78365124947112,3.0078877204499497,"{'Intercept': -188.01910802569915, 'x': 0.09617365819000102}","{'Intercept': 0.0, 'x': 0.0}",1.2559077711576054e-07,6.828723467242924,3.090704377228969,"{'Intercept': 2.858205598002883, 'np.power(z, 2)': 0.459800907442792, 'z': 0.6134494045723289}","{'Intercept': 0.0, 'np.power(z, 2)': 0.477, 'z': 0.335}",0.3310624089798912,5.924308036918709,3.6991967490056874,"{'Intercept': 3.107848047873885, 'z': 0.7766324835894867}","{'Intercept': 0.0, 'z': 0.191}",0.19054828176266378,4.661113015052859,3.712495251702632,7.0,4.864839839775475,3.405796717343037
8631044.0,"Wachapreague, VA",12,18,06/24/2026,Quad,3,Quadratic,"{'Intercept': 33894.31624251014, 'np.power(x, 2)': 0.008587985161403256, 'x': -34.12165054148448, 'z': -67.28528000802501, 'x:z': 0.034367746111766254, 'np.power(z, 2)': 0.7924616241651893}","{'Intercept': 0.004, 'np.power(x, 2)': 0.004, 'x': 0.004, 'z': 0.478, 'x:z': 0.468, 'np.power(z, 2)': 0.23}",1.6047738022884102e-08,22.606219556146243,2.8968993288104987,"{'Intercept': 31344.51963354411, 'np.power(x, 2)': 0.007949422101598597, 'x': -31.56930460206399}","{'Intercept': 0.014, 'np.power(x, 2)': 0.013, 'x': 0.013}",1.8851109636921134e-08,14.91062406378478,3.3169839710841416,"{'Intercept': -520.7465610008959, 'x': 0.2629362721672691, 'z': 1.9120134245603568}","{'Intercept': 0.0, 'x': 0.0, 'z': 0.007}",1.0695062481297141e-08,15.786353259112047,3.271445025612827,"{'Intercept': -501.6802388492366, 'x': 0.25345715902435223}","{'Intercept': 0.0, 'x': 0.0}",5.16527370211903e-08,11.82396533410099,3.5818667925778933,"{'Intercept': 4.932189517133933, 'np.power(z, 2)': 0.995606665464873, 'z': 0.9807383381582285}","{'Intercept': 0.0, 'np.power(z, 2)': 0.346, 'z': 0.387}",0.23747377902275166,10.876092855309881,4.942206678009741,"{'Intercept': 5.495688593249568, 'z': 1.449864498644987}","{'Intercept': 0.0, 'z': 0.157}",0.15704504263277214,8.395417590539541,4.996585263664849,9.88888888888889,4.800599091153825,3.5988358105132647
8632200.0,"Kiptopeke, VA",16,20,06/24/2026,Quad ENSO,4,Quadratic With ENSO Sensitivity,"{'Intercept': 20797.070358986017, 'np.power(x, 2)': 0.005280500201453747, 'x': -20.958600173239827, 'z': -55.94334558716669, 'x:z': 0.0285625330598383, 'np.power(z, 2)': 1.0578841680019764}","{'Intercept': 0.011, 'np.power(x, 2)': 0.01, 'x': 0.01, 'z': 0.428, 'x:z': 0.418, 'np.power(z, 2)': 0.028}",8.550028890922698e-09,17.769082360635366,2.176441267600069,"{'Intercept': 19736.15103646667, 'np.power(x, 2)': 0.00501367333944114, 'x': -19.894155804638416}","{'Intercept': 0.034, 'np.power(x, 2)': 0.031, 'x': 0.032}",3.4462540956060733e-07,10.096004513135995,2.6619971370452826,"{'Intercept': -368.1153980661176, 'x': 0.18577486741576377, 'z': 1.7896621176757204}","{'Intercept': 0.0, 'x': 0.0, 'z': 0.001}",9.630674807722597e-09,11.843807553571253,2.4585617848828596,"{'Intercept': -344.1972941039641, 'x': 0.17384688369928455}","{'Intercept': 0.0, 'x': 0.0}",4.783163507146421e-07,8.016492270786387,2.8048648910297844,"{'Intercept': 3.017193092232411, 'np.power(z, 2)': 1.2293987998397444, 'z': 0.8721840744108821}","{'Intercept': 0.0, 'np.power(z, 2)': 0.084, 'z': 0.24}",0.03447882923602714,9.679156440413152,3.4381376128307526,"{'Intercept': 3.715650919581682, 'z': 1.3739632167327804}","{'Intercept': 0.0, 'z': 0.052}",0.05228998529200481,6.463577353047243,3.5550785312542708,6.315789473684211,3.85937000585656,2.532784954393719
8635750.0,"Lewisetta, VA",22,27,06/24/2026,Quad ENSO,4,Quadratic With ENSO Sensitivity,"{'Intercept': 42008.5676287074, 'np.power(x, 2)': 0.01064418980470957, 'x': -42.291702564536685, 'z': -172.6729777016216, 'x:z': 0.0870792203312771, 'np.power(z, 2)': 0.10694063093679412}","{'Intercept': 0.0, 'np.power(x, 2)': 0.0, 'x': 0.0, 'z': 0.018, 'x:z': 0.017, 'np.power(z, 2)': 0.831}",4.343939080799724e-14,24.455471694964217,2.3830797926514844,"{'Intercept': 43598.10679349063, 'np.power(x, 2)': 0.011037049141521057, 'x': -43.87221082890883}","{'Intercept': 0.0, 'np.power(x, 2)': 0.0, 'x': 0.0}",2.0807900401443215e-13,16.518376143438218,2.8545035099390157,"{'Intercept': -582.3946974028094, 'x': 0.29325949496779824, 'z': 1.3343455782553053}","{'Intercept': 0.0, 'x': 0.0, 'z': 0.045}",4.654846880653061e-10,14.417730558460448,3.3881907394696733,"{'Intercept': -583.245907325208, 'x': 0.29366675915649953}","{'Intercept': 0.0, 'x': 0.0}",3.4984512158679335e-10,11.722946725860083,3.5448133572379525,"{'Intercept': 4.397827152308021, 'np.power(z, 2)': 0.19058309507947582, 'z': 1.2936106365879383}","{'Intercept': 0.0, 'np.power(z, 2)': 0.859, 'z': 0.244}",0.41142136551240194,7.747380805801801,5.355207800295638,"{'Intercept': 4.516101025484101, 'z': 1.3637301717205499}","{'Intercept': 0.0, 'z': 0.184}",0.18414744323790255,7.243561368925201,5.357111863108641,9.263157894736842,5.90519644290008,1.8817017572000623
8636580.0,"Windmill Point, VA",15,22,06/24/2026,Quad,3,Quadratic,"{'Intercept': 127891.59493341755, 'np.power(x, 2)': 0.031850200174467595, 'x': -127.64446339610791, 'z': -137.3605247293327, 'x:z': 0.06984050653044392, 'np.power(z, 2)': -0.038091013359380387}","{'Intercept': 0.001, 'np.power(x, 2)': 0.0, 'x': 0.0, 'z': 0.351, 'x:z': 0.341, 'np.power(z, 2)': 0.956}",2.939614762749297e-07,26.78466318511346,2.5302936059243457,"{'Intercept': 129316.24464446033, 'np.power(x, 2)': 0.03220910401346078, 'x': -129.07479895069767}","{'Intercept': 0.004, 'np.power(x, 2)': 0.004, 'x': 0.004}",4.614383137901817e-06,18.638195903011365,3.4893893520379695,"{'Intercept': -837.8973129596658, 'x': 0.42014900063822164, 'z': 3.009851254186476}","{'Intercept': 0.0, 'x': 0.0, 'z': 0.001}",1.6219391535894607e-06,19.34426484174412,3.35185212887264,"{'Intercept': -873.3899222345375, 'x': 0.4376606887795447}","{'Intercept': 0.0, 'x': 0.0}",5.541896836124377e-05,13.310633232820123,4.120456087093667,"{'Intercept': 7.320473370596824, 'np.power(z, 2)': -0.5168360856704021, 'z': 3.5643424386721283}","{'Intercept': 0.0, 'np.power(z, 2)': 0.675, 'z': 0.015}",0.03562201658572679,12.381813905259474,4.9234858593549475,"{'Intercept': 6.962189426489816, 'z': 3.2975901363721274}","{'Intercept': 0.0, 'z': 0.01}",0.010087343008199565,13.557369699234071,4.940441219431585,8.526315789473685,5.89131584106482,3.062796908110613
8637689.0,"Yorktown USCG Training Center, VA",18,23,06/24/2026,Lin ENSO,2,Linear With ENSO Sensitivity,"{'Intercept': 1562.4707744674279, 'np.power(x, 2)': 0.0006437396148472028, 'x': -2.0680336566512256, 'z': 6.684676207500237, 'x:z': -0.0018491504508927725, 'np.power(z, 2)': -0.30079303453236284}","{'Intercept': 0.982, 'np.power(x, 2)': 0.969, 'x': 0.976, 'z': 0.983, 'x:z': 0.99, 'np.power(z, 2)': 0.734}",0.00019785674512434677,19.650556054455137,2.3170352119502806,"{'Intercept': 345.2547995577382, 'np.power(x, 2)': 0.00035290796160594457, 'x': -0.8781055900715034}","{'Intercept': 0.997, 'np.power(x, 2)': 0.986, 'x': 0.991}",0.0005517008157111572,14.785714285714448,3.1455289204381187,"{'Intercept': -1049.8431295369319, 'x': 0.5254580818286123, 'z': 2.8185858331761167}","{'Intercept': 0.0, 'x': 0.0, 'z': 0.001}",1.8141825139294614e-06,20.372115914188953,2.328135643572234,"{'Intercept': -1086.9057029926557, 'x': 0.5437605872388462}","{'Intercept': 0.0, 'x': 0.0}",8.560102769049945e-05,14.753246753246685,3.1455544188620435,"{'Intercept': 8.871498005713795, 'np.power(z, 2)': -0.2706974343166581, 'z': 3.1874115158105107}","{'Intercept': 0.0, 'np.power(z, 2)': 0.835, 'z': 0.032}",0.06949583480872853,14.163531300068184,4.057265492337394,"{'Intercept': 8.708752423100837, 'z': 3.0617022054789502}","{'Intercept': 0.0, 'z': 0.02}",0.01976500293549305,14.832156834058736,4.062031685351141,9.210526315789474,4.685425954411083,0.6154714850367782
8638610.0,"Sewells Point, VA",23,27,06/24/2026,Quad ENSO,4,Quadratic With ENSO Sensitivity,"{'Intercept': 18161.14521230314, 'np.power(x, 2)': 0.004683574165701619, 'x': -18.44529789204666, 'z': -81.31743715211971, 'x:z': 0.04151819606962309, 'np.power(z, 2)': 0.9559120254885729}","{'Intercept': 0.0, 'np.power(x, 2)': 0.0, 'x': 0.0, 'z': 0.025, 'x:z': 0.023, 'np.power(z, 2)': 0.02}",2.1039362413662198e-22,24.94665946389432,2.321232909355667,"{'Intercept': 17381.329727155513, 'np.power(x, 2)': 0.00448598343334774, 'x': -17.659918118849102}","{'Intercept': 0.0, 'np.power(x, 2)': 0.0, 'x': 0.0}",1.0116172704301419e-19,15.84415362729851,2.78426011998853,"{'Intercept': -343.2347135299822, 'x': 0.17506669239347278, 'z': 1.5494940342993244}","{'Intercept': 0.0, 'x': 0.0, 'z': 0.003}",1.77846703488791e-15,14.549393327792359,3.1831777982650746,"{'Intercept': -336.8468899521507, 'x': 0.17186602870813283}","{'Intercept': 0.0, 'x': 0.0}",1.3877700918941474e-14,11.35368421052641,3.3880342570464324,"{'Intercept': 3.967423853096469, 'np.power(z, 2)': 1.3413494039345806, 'z': 0.830343207928802}","{'Intercept': 0.0, 'np.power(z, 2)': 0.105, 'z': 0.305}",0.07643950307565062,10.993507884692395,4.8934825980529215,"{'Intercept': 4.715627547802542, 'z': 1.2402356669281773}","{'Intercept': 0.0, 'z': 0.112}",0.1124905536621866,7.196098881658896,4.982802175204514,11.31578947368421,4.842550195677978,5.427222848269594
8639348.0,"Money Point, VA",15,22,06/24/2026,Lin ENSO,2,Linear With ENSO Sensitivity,"{'Intercept': 56462.19788257601, 'np.power(x, 2)': 0.014151405716870302, 'x': -56.53148243334484, 'z': -152.72747286282458, 'x:z': 0.0768081232014206, 'np.power(z, 2)': 0.8724089321338995}","{'Intercept': 0.177, 'np.power(x, 2)': 0.172, 'x': 0.174, 'z': 0.367, 'x:z': 0.362, 'np.power(z, 2)': 0.291}",0.00024008176615494575,25.611090134712867,2.917536599926867,"{'Intercept': 67172.10411632353, 'np.power(x, 2)': 0.016791143598866177, 'x': -67.16550664823484}","{'Intercept': 0.139, 'np.power(x, 2)': 0.134, 'x': 0.136}",0.00026534274155791296,16.991789819367114,3.4635729347093434,"{'Intercept': -728.9674265443432, 'x': 0.36695323918236566, 'z': 2.0566163065139693}","{'Intercept': 0.0, 'x': 0.0, 'z': 0.013}",3.663630959161548e-05,18.593068652157513,3.2096038609111632,"{'Intercept': -732.1369458127676, 'x': 0.368472906403921}","{'Intercept': 0.0, 'x': 0.0}",0.00014217035694554428,14.389162561576313,3.6190613274902135,"{'Intercept': 8.746392865867222, 'np.power(z, 2)': 0.3338325390098008, 'z': 1.921879882173934}","{'Intercept': 0.0, 'np.power(z, 2)': 0.764, 'z': 0.12}",0.16289721895849496,13.925482786254294,4.433627488332509,"{'Intercept': 8.977121479189897, 'z': 2.085326810316916}","{'Intercept': 0.0, 'z': 0.058}",0.05755195806013965,13.147775099823729,4.44149069469971,10.736842105263158,4.62892002359031,4.808866995074368
8651370.0,"Duck, NC",22,27,06/24/2026,Quad ENSO,4,Quadratic With ENSO Sensitivity,"{'Intercept': 32637.18062961576, 'np.power(x, 2)': 0.008283380457543102, 'x': -32.88371562826607, 'z': -122.381905334252, 'x:z': 0.06158653412120115, 'np.power(z, 2)': 1.094828836613373}","{'Intercept': 0.002, 'np.power(x, 2)': 0.002, 'x': 0.002, 'z': 0.173, 'x:z': 0.169, 'np.power(z, 2)': 0.069}",2.580657049624823e-10,24.529870631944505,2.7533871824766467,"{'Intercept': 30404.1604430826, 'np.power(x, 2)': 0.0077262172214389606, 'x': -30.652537333338774}","{'Intercept': 0.008, 'np.power(x, 2)': 0.007, 'x': 0.007}",2.524847732491996e-10,15.738205365432805,3.126176394457285,"{'Intercept': -561.7583732178416, 'x': 0.2835722450502209, 'z': 1.4988399879433374}","{'Intercept': 0.0, 'x': 0.0, 'z': 0.022}",7.383344773222721e-10,15.756675229792563,3.201617418040121,"{'Intercept': -545.6003401360633, 'x': 0.27551020408163696}","{'Intercept': 0.0, 'x': 0.0}",1.066551234976937e-09,12.583333333333144,3.395529440515266,"{'Intercept': 5.044070279626793, 'np.power(z, 2)': 1.3614791742642933, 'z': 0.42026653782418427}","{'Intercept': 0.0, 'np.power(z, 2)': 0.182, 'z': 0.694}",0.24898685959944955,11.330520052332336,4.953119890474062,"{'Intercept': 5.81889959918176, 'z': 0.9897417703937982}","{'Intercept': 0.0, 'z': 0.319}",0.3190433835714937,7.798383139969356,5.053114181371108,10.0,5.426273532033235,3.954662160896987
8652587.0,"Oregon Inlet Marina, NC",2,6,06/24/2026,Lin,1,Linear,"{'Intercept': 9361.022062580529, 'np.power(x, 2)': 0.002371951106984996, 'x': -9.423562967719274, 'z': -84.05843718798363, 'x:z': 0.04202269858910789, 'np.power(z, 2)': -0.2389895073955982}","{'Intercept': 0.277, 'np.power(x, 2)': 0.269, 'x': 0.273, 'z': 0.409, 'x:z': 0.407, 'np.power(z, 2)': 0.625}",0.11227891897929762,6.177414273541217,1.890127997407258,"{'Intercept': 8594.788782516074, 'np.power(x, 2)': 0.0021826552725681078, 'x': -8.661943629151848}","{'Intercept': 0.272, 'np.power(x, 2)': 0.263, 'x': 0.267}",0.016730276595481167,4.783703438200973,1.9275174275531546,"{'Intercept': -169.92186506204257, 'x': 0.08587288342851346, 'z': 0.2830089340681626}","{'Intercept': 0.009, 'x': 0.008, 'z': 0.539}",0.026114919882125377,4.622614632262014,1.9554042636472597,"{'Intercept': -167.2349479286657, 'x': 0.0845295667971672}","{'Intercept': 0.009, 'x': 0.008}",0.008051738339075987,4.021954402395039,1.967518747320422,"{'Intercept': 2.6051630038972484, 'np.power(z, 2)': -0.2083930259663106, 'z': 0.2841632040591592}","{'Intercept': 0.0, 'np.power(z, 2)': 0.69, 'z': 0.615}",0.8603438196109141,2.339917308150324,2.188755804785973,"{'Intercept': 2.4773149222557445, 'z': 0.19058946391274073}","{'Intercept': 0.0, 'z': 0.707}",0.7068868013167964,2.858493850081226,2.194471770910579,3.526315789473684,2.3656904336937608,1.8241856656686934
8656483.0,"Beaufort, NC",11,14,06/24/2026,Quad ENSO,4,Quadratic With ENSO Sensitivity,"{'Intercept': 23731.00920936124, 'np.power(x, 2)': 0.005994411366893238, 'x': -23.85431122903676, 'z': -67.48065774605843, 'x:z': 0.034021802287009004, 'np.power(z, 2)': 0.5419689940730693}","{'Intercept': 0.0, 'np.power(x, 2)': 0.0, 'x': 0.0, 'z': 0.124, 'x:z': 0.121, 'np.power(z, 2)': 0.085}",2.035658363488348e-10,12.354034497766406,1.525057197600966,"{'Intercept': 24206.826905824528, 'np.power(x, 2)': 0.006111772044177268, 'x': -24.326800507800794}","{'Intercept': 0.0, 'np.power(x, 2)': 0.0, 'x': 0.0}",4.018044592230073e-10,7.5731042254956265,1.747127104733161,"{'Intercept': -247.31452508326592, 'x': 0.12446183447323199, 'z': 0.6511783943819988}","{'Intercept': 0.0, 'x': 0.0, 'z': 0.1}",7.350835993133235e-07,6.147508348266086,2.04991383880903,"{'Intercept': -244.881843093321, 'x': 0.12324380790892053}","{'Intercept': 0.0, 'x': 0.0}",3.7938736565292866e-07,4.810111730151988,2.11043789330456,"{'Intercept': 1.251196587747213, 'np.power(z, 2)': 0.6910469823106279, 'z': 0.3488539048520543}","{'Intercept': 0.015, 'np.power(z, 2)': 0.179, 'z': 0.515}",0.22104451361331834,4.713092326693833,2.6809693040755658,"{'Intercept': 1.663410499122046, 'z': 0.5684165203409557}","{'Intercept': 0.0, 'z': 0.272}",0.27216208942297393,2.800243539803957,2.7335504298961766,3.6842105263157894,3.6370414041413657,0.3140669320091547
8658120.0,"Wilmington, NC",3,7,06/24/2026,Quad,3,Quadratic,"{'Intercept': 8038.3424657870155, 'np.power(x, 2)': 0.002060692026972074, 'x': -8.140212746937562, 'z': -44.000306672558786, 'x:z': 0.022244514004889318, 'np.power(z, 2)': 0.3381173221169269}","{'Intercept': 0.001, 'np.power(x, 2)': 0.001, 'x': 0.001, 'z': 0.17, 'x:z': 0.168, 'np.power(z, 2)': 0.352}",1.5838437343856537e-05,8.231173686299371,2.0703680526218617,"{'Intercept': 7734.525357306814, 'np.power(x, 2)': 0.00198391093727656, 'x': -7.834639995479975}","{'Intercept': 0.001, 'np.power(x, 2)': 0.001, 'x': 0.001}",2.174618740407192e-06,4.856336840985932,2.1361035518980267,"{'Intercept': -103.60722609672028, 'x': 0.05257084773560977, 'z': 0.34618734448845256}","{'Intercept': 0.0, 'x': 0.0, 'z': 0.338}",0.00029250895793588846,3.5936861046020283,2.288783856837384,"{'Intercept': -102.00323133443094, 'x': 0.05176783452449914}","{'Intercept': 0.0, 'x': 0.0}",8.427380201093707e-05,2.878401412204312,2.30373435095155,"{'Intercept': 0.6661054072809345, 'np.power(z, 2)': 0.43471912883674163, 'z': 0.11279411886808823}","{'Intercept': 0.09, 'np.power(z, 2)': 0.313, 'z': 0.788}",0.4966588683106191,2.630570160364077,2.5415379498066377,"{'Intercept': 0.913623497455035, 'z': 0.2449132427046443}","{'Intercept': 0.003, 'z': 0.54}",0.5399528830719782,1.4034499828643237,2.5599808238958532,3.0526315789473686,4.402949569581817,0.8891154531029315
8658163.0,"Wrightsville Beach, NC",13,22,06/24/2026,Lin,1,Linear,"{'Intercept': 234283.96104143563, 'np.power(x, 2)': 0.05806618810104099, 'x': -233.2705214655388, 'z': 188.4301893350644, 'x:z': -0.09281557546287034, 'np.power(z, 2)': 1.7581549035694795}","{'Intercept': 0.083, 'np.power(x, 2)': 0.081, 'x': 0.082, 'z': 0.733, 'x:z': 0.735, 'np.power(z, 2)': 0.244}",0.0034677452129921005,28.577548591420054,3.8257901580265545,"{'Intercept': 183121.01794940679, 'np.power(x, 2)': 0.045484264019584116, 'x': -182.52625932359854}","{'Intercept': 0.167, 'np.power(x, 2)': 0.163, 'x': 0.165}",0.0005839967294838178,20.983458646573126,4.340695791613055,"{'Intercept': -1492.9689759517748, 'x': 0.7452960455898989, 'z': 1.9268370746468437}","{'Intercept': 0.0, 'x': 0.0, 'z': 0.174}",0.0006141380100046272,20.854486562654074,4.3528484631956585,"{'Intercept': -1553.660173160131, 'x': 0.7753246753246545}","{'Intercept': 0.0, 'x': 0.0}",0.00026837486196459783,17.147619047618946,4.588202001736668,"{'Intercept': 8.305896337700226, 'np.power(z, 2)': 0.8977234271632428, 'z': 2.2239333886347064}","{'Intercept': 0.0, 'np.power(z, 2)': 0.659, 'z': 0.318}",0.3684151319742153,16.34465682362261,6.210275300275827,"{'Intercept': 8.873010871277767, 'z': 2.6666141484165746}","{'Intercept': 0.0, 'z': 0.174}",0.17405398641613926,14.206239168110915,6.2449439361259245,9.210526315789474,6.803421911626703,-3.0108225108219813
8661070.0,"Springmaid Pier, SC",8,12,06/24/2026,Quad,3,Quadratic,"{'Intercept': 27204.273273976287, 'np.power(x, 2)': 0.006874312717978745, 'x': -27.350140313632366, 'z': -40.80166459991903, 'x:z': 0.020633712625896115, 'np.power(z, 2)': 0.6853043604536699}","{'Intercept': 0.002, 'np.power(x, 2)': 0.001, 'x': 0.002, 'z': 0.581, 'x:z': 0.577, 'np.power(z, 2)': 0.176}",7.752493577704613e-07,14.461120341340575,2.2866426280163714,"{'Intercept': 25640.92978953114, 'np.power(x, 2)': 0.006484018886966148, 'x': -25.787641723726427}","{'Intercept': 0.003, 'np.power(x, 2)': 0.003, 'x': 0.003}",8.67687175849858e-08,9.964366138065088,2.433600505625537,"{'Intercept': -328.7556311804172, 'x': 0.1658828781580376, 'z': 0.8990997539380954}","{'Intercept': 0.0, 'x': 0.0, 'z': 0.09}",2.0619039448609904e-06,9.12127947564312,2.619672996765859,"{'Intercept': -318.5003809060689, 'x': 0.16077014807868137}","{'Intercept': 0.0, 'x': 0.0}",1.2055972240868883e-06,7.219939101339548,2.7095162279251803,"{'Intercept': 2.7994395294073837, 'np.power(z, 2)': 0.7210774128952632, 'z': 0.2820554996741561}","{'Intercept': 0.0, 'np.power(z, 2)': 0.318, 'z': 0.707}",0.42848665902891103,6.247860180336749,3.4826818412023104,"{'Intercept': 3.224061740475364, 'z': 0.5776332817777208}","{'Intercept': 0.0, 'z': 0.405}",0.40462971955045024,4.379328304030805,3.523763001240639,6.111111111111111,3.983626619771441,1.7218899428771692
8665530.0,"Charleston, SC",12,17,06/24/2026,Quad ENSO,4,Quadratic With ENSO Sensitivity,"{'Intercept': 15671.813960380416, 'np.power(x, 2)': 0.00401871821998697, 'x': -15.872429152191529, 'z': -61.15200905061032, 'x:z': 0.03097227926426062, 'np.power(z, 2)': 0.2991193799799989}","{'Intercept': 0.0, 'np.power(x, 2)': 0.0, 'x': 0.0, 'z': 0.094, 'x:z': 0.092, 'np.power(z, 2)': 0.467}",9.51426605488971e-13,14.200861381092182,2.314138809110646,"{'Intercept': 15361.29152782875, 'np.power(x, 2)': 0.00394008014593778, 'x': -15.559806685236849}","{'Intercept': 0.0, 'np.power(x, 2)': 0.0, 'x': 0.0}",6.610258455149638e-14,9.875596646199483,2.419041494296725,"{'Intercept': -207.97830993098177, 'x': 0.10565061802796565, 'z': 0.5829462903117361}","{'Intercept': 0.0, 'x': 0.0, 'z': 0.214}",2.6618901770997536e-08,7.235734774300113,2.9088032190287954,"{'Intercept': -206.3707158580413, 'x': 0.10484002768187778}","{'Intercept': 0.0, 'x': 0.0}",6.860606229275337e-09,6.035180225443071,2.9413477537717534,"{'Intercept': 1.7732363579834995, 'np.power(z, 2)': 0.5297968416725576, 'z': 0.3040614722402229}","{'Intercept': 0.003, 'np.power(z, 2)': 0.402, 'z': 0.624}",0.522366799906588,4.500546669154176,3.6974047191892963,"{'Intercept': 2.071625381199508, 'z': 0.4573056551281366}","{'Intercept': 0.0, 'z': 0.44}",0.4398658980717356,2.9862366914557814,3.7161075845624483,6.368421052631579,5.219733138301969,1.9987411061738385
8670870.0,"Fort Pulaski, GA",14,18,06/24/2026,Quad ENSO,4,Quadratic With ENSO Sensitivity,"{'Intercept': 17660.12306288808, 'np.power(x, 2)': 0.004532720060439912, 'x': -17.894357118300572, 'z': -61.30773467974217, 'x:z': 0.031095891170060654, 'np.power(z, 2)': 0.2778453033044486}","{'Intercept': 0.0, 'np.power(x, 2)': 0.0, 'x': 0.0, 'z': 0.088, 'x:z': 0.085, 'np.power(z, 2)': 0.501}",1.2745192160277868e-15,15.99925089219687,2.3009455302580877,"{'Intercept': 17273.61790810751, 'np.power(x, 2)': 0.0044347617169207985, 'x': -17.505104692413365}","{'Intercept': 0.0, 'np.power(x, 2)': 0.0, 'x': 0.0}",7.95520641319389e-17,11.53578644162917,2.4173477062931474,"{'Intercept': -242.1437352312884, 'x': 0.12304323259732822, 'z': 0.6071427850831655}","{'Intercept': 0.0, 'x': 0.0, 'z': 0.217}",9.956332612964878e-10,8.356139581064923,3.053031156954121,"{'Intercept': -239.19282039554759, 'x': 0.1215680424533663}","{'Intercept': 0.0, 'x': 0.0}",2.2681300298833804e-10,7.104033614972536,3.0866696094158828,"{'Intercept': 2.1712031434609735, 'np.power(z, 2)': 0.5379983462969921, 'z': 0.157908466744939}","{'Intercept': 0.001, 'np.power(z, 2)': 0.447, 'z': 0.821}",0.650442991489684,4.63901346213882,4.080011404183461,"{'Intercept': 2.4690833971945496, 'z': 0.3440509112717822}","{'Intercept': 0.0, 'z': 0.597}",0.5970590354178216,3.157185219738114,4.097029507363055,7.2631578947368425,5.635621875013321,2.4553909639726044
8720030.0,"Fernandina Beach, FL",6,9,06/24/2026,Quad,3,Quadratic,"{'Intercept': 11171.583143703772, 'np.power(x, 2)': 0.0028644325777003148, 'x': -11.313792070975515, 'z': -13.91413981560607, 'x:z': 0.006957732188438464, 'np.power(z, 2)': 0.4230711481899788}","{'Intercept': 0.0, 'np.power(x, 2)': 0.0, 'x': 0.0, 'z': 0.622, 'x:z': 0.624, 'np.power(z, 2)': 0.19}",5.053843500007412e-11,9.464799001098072,1.791450673338361,"{'Intercept': 11000.84260542852, 'np.power(x, 2)': 0.0028216977983775704, 'x': -11.142823024424894}","{'Intercept': 0.0, 'np.power(x, 2)': 0.0, 'x': 0.0}",6.58593484784369e-13,7.638390196934779,1.8219355457663406,"{'Intercept': -149.20663121643267, 'x': 0.07607832415941686, 'z': -0.027846516315896432}","{'Intercept': 0.0, 'x': 0.0, 'z': 0.937}",1.3980674660325634e-07,4.872360497914116,2.1820762932297373,"{'Intercept': -149.30776199111727, 'x': 0.07612863559733735}","{'Intercept': 0.0, 'x': 0.0}",1.7075188187514598e-08,4.928853729088189,2.1821768363008025,"{'Intercept': 1.7507209435800117, 'np.power(z, 2)': 0.5605175332940389, 'z': -0.3378911925928479}","{'Intercept': 0.0, 'np.power(z, 2)': 0.236, 'z': 0.472}",0.46737755918448876,3.3170086915704715,2.7215302274096627,"{'Intercept': 2.0620717621724425, 'z': -0.14539111222977336}","{'Intercept': 0.0, 'z': 0.742}",0.741776662816102,1.7712895377128959,2.7499628258988085,5.105263157894737,3.4139377206144106,1.9877500890142983
8720218.0,"Mayport, FL",4,6,06/24/2026,Quad,3,Quadratic,"{'Intercept': 8413.399874363575, 'np.power(x, 2)': 0.0021539258205267734, 'x': -8.514280730238397, 'z': -24.624014514706428, 'x:z': 0.012411040028590038, 'np.power(z, 2)': 0.32032416465171415}","{'Intercept': 0.0, 'np.power(x, 2)': 0.0, 'x': 0.0, 'z': 0.167, 'x:z': 0.166, 'np.power(z, 2)': 0.114}",6.017060410247544e-13,6.957538022174049,1.1566344044513774,"{'Intercept': 8181.340525043914, 'np.power(x, 2)': 0.0020954863060108227, 'x': -8.28127371916129}","{'Intercept': 0.0, 'np.power(x, 2)': 0.0, 'x': 0.0}",3.7393738617492847e-14,4.772318634421026,1.2049831473130126,"{'Intercept': -95.78665257146845, 'x': 0.04860367181760416, 'z': 0.15459029422748627}","{'Intercept': 0.0, 'x': 0.0, 'z': 0.512}",3.3739047192857124e-07,2.9935671194525497,1.5005812650084585,"{'Intercept': -95.14935064934986, 'x': 0.04828434723171527}","{'Intercept': 0.0, 'x': 0.0}",5.3668692294289465e-08,2.6747368421052755,1.5050393220093392,"{'Intercept': 0.5943505118370337, 'np.power(z, 2)': 0.39487915776202126, 'z': -0.05193696942420666}","{'Intercept': 0.032, 'np.power(z, 2)': 0.198, 'z': 0.862}",0.42205991626357353,2.0699932040367055,1.8187934154473173,"{'Intercept': 0.8146138108203729, 'z': 0.0687310597320289}","{'Intercept': 0.0, 'z': 0.81}",0.8101536445668399,0.9520759302844307,1.83969040405333,2.8421052631578947,2.713406180323028,0.7383107646273857
8721604.0,"Trident Pier, FL",16,22,06/24/2026,Quad,3,Quadratic,"{'Intercept': 126980.0338115588, 'np.power(x, 2)': 0.031704015399194395, 'x': -126.89814969781804, 'z': -171.54102427969548, 'x:z': 0.08566402175729287, 'np.power(z, 2)': 0.5758225080197032}","{'Intercept': 0.0, 'np.power(x, 2)': 0.0, 'x': 0.0, 'z': 0.258, 'x:z': 0.256, 'np.power(z, 2)': 0.427}",4.037996308022488e-08,25.425494116338086,2.6951964006708757,"{'Intercept': 129444.85708866741, 'np.power(x, 2)': 0.03230862574577394, 'x': -129.33954646575316}","{'Intercept': 0.0, 'np.power(x, 2)': 0.0, 'x': 0.0}",8.113145296120509e-10,19.376640711940126,2.8827120173984127,"{'Intercept': -1074.4416510360277, 'x': 0.5370824324627317, 'z': 0.7660738543833621}","{'Intercept': 0.0, 'x': 0.0, 'z': 0.386}",5.686734879599529e-07,15.219504842233391,3.642775970947758,"{'Intercept': -1082.637096774191, 'x': 0.5411290322580632}","{'Intercept': 0.0, 'x': 0.0}",9.180862047114848e-08,13.690322580645216,3.6929426183061604,"{'Intercept': 5.162944952552836, 'np.power(z, 2)': -0.058926790126844604, 'z': 1.1559385982951356}","{'Intercept': 0.002, 'np.power(z, 2)': 0.968, 'z': 0.479}",0.7364850551649252,7.239114988635729,6.021836030972852,"{'Intercept': 5.123123222435345, 'z': 1.1267279581982939}","{'Intercept': 0.0, 'z': 0.431}",0.4306181959651313,7.376579138831933,6.0220067775457675,7.684210526315789,6.566350513361854,0.2671402568812482
8723214.0,"Virginia Key, FL",5,8,06/24/2026,Quad,3,Quadratic,"{'Intercept': 48574.020863126105, 'np.power(x, 2)': 0.012115874056801179, 'x': -48.51872251490381, 'z': -94.06825888650691, 'x:z': 0.047007345419568546, 'np.power(z, 2)': -0.09631586549946705}","{'Intercept': 0.006, 'np.power(x, 2)': 0.005, 'x': 0.006, 'z': 0.266, 'x:z': 0.264, 'np.power(z, 2)': 0.812}",0.00013097893327140042,8.778490310505731,1.5459538213069994,"{'Intercept': 47779.09308169983, 'np.power(x, 2)': 0.011918880455444734, 'x': -47.72731046245613}","{'Intercept': 0.005, 'np.power(x, 2)': 0.005, 'x': 0.005}",4.592881427623733e-06,6.704637096772785,1.6021061176649336,"{'Intercept': -348.737429977174, 'x': 0.1743476781888302, 'z': 0.3449152552491744}","{'Intercept': 0.0, 'x': 0.0, 'z': 0.427}",0.0001884069993630862,5.18079654389436,1.8210101870094624,"{'Intercept': -349.4057917888674, 'x': 0.17467008797654507}","{'Intercept': 0.0, 'x': 0.0}",4.125540727233318e-05,4.475806451612868,1.8412669982173504,"{'Intercept': 1.7738699552719657, 'np.power(z, 2)': -0.24155281739634774, 'z': 0.4820386966095781}","{'Intercept': 0.006, 'np.power(z, 2)': 0.684, 'z': 0.454}",0.7490411335219909,1.771736078905731,2.4234268452965364,"{'Intercept': 1.6155520410879542, 'z': 0.3671922709550129}","{'Intercept': 0.001, 'z': 0.518}",0.5184163771437144,2.34993658299798,2.4304572559719073,2.473684210526316,2.893832926388107,-0.00602143349533435
8723970.0,"Vaca Key, FL",1,2,06/24/2026,Quad,3,Quadratic,"{'Intercept': 4802.536509828904, 'np.power(x, 2)': 0.0012093521235264834, 'x': -4.819985533451386, 'z': 6.3031919192483015, 'x:z': -0.0031588758018045145, 'np.power(z, 2)': -0.061991446607651005}","{'Intercept': 0.002, 'np.power(x, 2)': 0.002, 'x': 0.002, 'z': 0.638, 'x:z': 0.637, 'np.power(z, 2)': 0.489}",0.00015251182633373508,0.8031093477411559,0.4063717814644459,"{'Intercept': 4998.218884094627, 'np.power(x, 2)': 0.0012580888435746176, 'x': -5.015321288681342}","{'Intercept': 0.001, 'np.power(x, 2)': 0.001, 'x': 0.001}",4.669282264553667e-06,1.2250353147146598,0.4120973282725432,"{'Intercept': -38.55447411562325, 'x': 0.019372302905552023, 'z': -0.02822924385576318}","{'Intercept': 0.0, 'x': 0.0, 'z': 0.767}",0.0014316767667112763,0.6373530833136272,0.47079038658022165,"{'Intercept': -38.812544664943935, 'x': 0.01950140179209486}","{'Intercept': 0.0, 'x': 0.0}",0.0002851999534075193,0.6972953658402474,0.47127560133238616,"{'Intercept': 0.26282910184859454, 'np.power(z, 2)': -0.07910253794088053, 'z': -0.026395597625328115}","{'Intercept': 0.016, 'np.power(z, 2)': 0.481, 'z': 0.825}",0.6703495832886313,-0.1063722451655838,0.5431643059082486,"{'Intercept': 0.21674067168755984, 'z': -0.0598582047444987}","{'Intercept': 0.012, 'z': 0.583}",0.5834155923465176,0.09702426219856244,0.5463482393018521,0.47368421052631576,0.7723284457212328,-0.06831896958556172
8724580.0,"Key West, FL",0,1,06/24/2026,Quad,3,Quadratic,"{'Intercept': 770.8140772064793, 'np.power(x, 2)': 0.00019683543359571453, 'x': -0.7790525522614574, 'z': 3.177456303773715, 'x:z': -0.0015841484835066712, 'np.power(z, 2)': 0.014070433266419219}","{'Intercept': 0.008, 'np.power(x, 2)': 0.008, 'x': 0.008, 'z': 0.406, 'x:z': 0.41, 'np.power(z, 2)': 0.743}",0.013016829029094816,0.3915112401339229,0.2460034299670083,"{'Intercept': 762.2884053181458, 'np.power(x, 2)': 0.00019467727394253042, 'x': -0.7704683974245372}","{'Intercept': 0.008, 'np.power(x, 2)': 0.008, 'x': 0.008}",0.0012318630701153423,0.40656623336337816,0.24838214195172628,"{'Intercept': -7.311626473879881, 'x': 0.0037177405028471344, 'z': 0.026865551338678014}","{'Intercept': 0.013, 'x': 0.012, 'z': 0.513}",0.0362945766338917,0.27424688756577,0.2605040278159209,"{'Intercept': -7.235806822406656, 'x': 0.00367970168784595}","{'Intercept': 0.013, 'x': 0.012}",0.01244887829603718,0.21926879716923864,0.26129504359572375,"{'Intercept': 0.07437556144653287, 'np.power(z, 2)': 0.011481257613267935, 'z': 0.019035885460282956}","{'Intercept': 0.078, 'np.power(z, 2)': 0.803, 'z': 0.674}",0.8424366324453192,0.15837236282017053,0.2723012221734472,"{'Intercept': 0.08092813578991336, 'z': 0.02263590309282952}","{'Intercept': 0.014, 'z': 0.595}",0.5952571797718258,0.12619994197557238,0.27242145612822577,0.21052631578947367,0.41885390829169555,0.06070623919310947
8725110.0,"Naples, FL",1,3,06/24/2026,Quad,3,Quadratic,"{'Intercept': 2666.296157875629, 'np.power(x, 2)': 0.0006829893665602729, 'x': -2.698855973682028, 'z': -21.264491176974218, 'x:z': 0.010710168606350413, 'np.power(z, 2)': 0.009894336205822654}","{'Intercept': 0.099, 'np.power(x, 2)': 0.093, 'x': 0.096, 'z': 0.159, 'x:z': 0.157, 'np.power(z, 2)': 0.944}",0.0015246137680156007,2.772214554801394,0.7435711642653365,"{'Intercept': 2592.348032683556, 'np.power(x, 2)': 0.0006644522893514465, 'x': -2.624803561375176}","{'Intercept': 0.106, 'np.power(x, 2)': 0.1, 'x': 0.103}",0.0001755529783607121,1.8573825833873343,0.7628460928321948,"{'Intercept': -49.79752882740209, 'x': 0.025259300639689043, 'z': 0.09965850986846461}","{'Intercept': 0.0, 'x': 0.0, 'z': 0.455}",0.0005201490385693241,1.5771312883448445,0.7780609984514794,"{'Intercept': -49.46288636473782, 'x': 0.02509250133298855}","{'Intercept': 0.0, 'x': 0.0}",0.00012643340065696712,1.3745213358969792,0.7820636301887843,"{'Intercept': 0.5206906897910972, 'np.power(z, 2)': 0.07473784267993956, 'z': 0.05751601715948411}","{'Intercept': 0.001, 'np.power(z, 2)': 0.641, 'z': 0.718}",0.7795726277298455,0.9346740948298238,0.8886979317855935,"{'Intercept': 0.5673125956144826, 'z': 0.07989121196668371}","{'Intercept': 0.0, 'z': 0.596}",0.5963402367344353,0.7270950195478499,0.8904771675289488,1.1176470588235294,1.2689736473414486,0.5500673389897202
8725520.0,"Fort Myers, FL",1,5,06/24/2026,Lin,1,Linear,"{'Intercept': 2145.4415212425556, 'np.power(x, 2)': 0.0005656479849000842, 'x': -2.2032644683527933, 'z': -34.8102776335749, 'x:z': 0.017502613977661965, 'np.power(z, 2)': -0.20613226909776655}","{'Intercept': 0.654, 'np.power(x, 2)': 0.637, 'x': 0.646, 'z': 0.466, 'x:z': 0.464, 'np.power(z, 2)': 0.602}",0.037587772924271186,3.904923921479167,1.7605409176985134,"{'Intercept': 2825.309927994096, 'np.power(x, 2)': 0.000734774689431825, 'x': -2.8815340479031657}","{'Intercept': 0.527, 'np.power(x, 2)': 0.512, 'x': 0.519}",0.0034466390403227105,3.333980060547674,1.7758376393444588,"{'Intercept': -106.33780110689403, 'x': 0.053942135201978436, 'z': 0.12255037120301847}","{'Intercept': 0.001, 'x': 0.001, 'z': 0.724}",0.004023783581856347,3.1940655547203107,1.7814575470491483,"{'Intercept': -107.30561984566667, 'x': 0.05441981473400454}","{'Intercept': 0.001, 'x': 0.001}",0.0009016733745647508,2.948924805426529,1.7837431494295817,"{'Intercept': 1.5072384464060802, 'np.power(z, 2)': -0.10368241967835719, 'z': 0.23937279323857852}","{'Intercept': 0.0, 'np.power(z, 2)': 0.798, 'z': 0.539}",0.8144257489900538,1.5712543541698085,1.9853685044302496,"{'Intercept': 1.4478015844558252, 'z': 0.2255583143338453}","{'Intercept': 0.0, 'z': 0.555}",0.5554882028994315,1.8989182131235158,1.9867161341725372,2.3157894736842106,2.5831211005067187,1.5340096223424098
8726520.0,"St. Petersburg, FL",2,4,06/24/2026,Quad,3,Quadratic,"{'Intercept': 3121.63897136449, 'np.power(x, 2)': 0.0008058947384324873, 'x': -3.172024263934833, 'z': -18.033856968267383, 'x:z': 0.009169630931213707, 'np.power(z, 2)': -0.22595913177897928}","{'Intercept': 0.015, 'np.power(x, 2)': 0.013, 'x': 0.014, 'z': 0.293, 'x:z': 0.287, 'np.power(z, 2)': 0.244}",2.3080664928209108e-05,3.2383980722534034,1.1061962630204316,"{'Intercept': 3129.9201295337402, 'np.power(x, 2)': 0.0008077100775439313, 'x': -3.179867268115229}","{'Intercept': 0.014, 'np.power(x, 2)': 0.012, 'x': 0.013}",1.5592599454207834e-06,2.897214585000256,1.129189807698576,"{'Intercept': -62.30080313152694, 'x': 0.031794445250284756, 'z': 0.134702673496717}","{'Intercept': 0.0, 'x': 0.0, 'z': 0.468}",2.7956157464400793e-05,2.384148292543408,1.1760416680410235,"{'Intercept': -61.669307699974084, 'x': 0.031478303925660145}","{'Intercept': 0.0, 'x': 0.0}",5.696671331583729e-06,2.1057360534133664,1.1804404436969025,"{'Intercept': 1.0076775702044085, 'np.power(z, 2)': -0.15915319270917191, 'z': 0.12241905938351061}","{'Intercept': 0.0, 'np.power(z, 2)': 0.488, 'z': 0.586}",0.7392698240594598,0.6159029181347421,1.3574035606181187,"{'Intercept': 0.9173253904609162, 'z': 0.07370069118264778}","{'Intercept': 0.0, 'z': 0.729}",0.7289945243125207,1.0647267728262118,1.3620475954557256,2.0526315789473686,1.8995228702237106,1.0259034790078658
8726724.0,"Clearwater, FL",4,7,06/24/2026,Quad ENSO,4,Quadratic With ENSO Sensitivity,"{'Intercept': 7136.604602314405, 'np.power(x, 2)': 0.0018163076680193671, 'x': -7.200307908554558, 'z': -66.01105581591872, 'x:z': 0.033226126459312486, 'np.power(z, 2)': -0.3412413131978314}","{'Intercept': 0.084, 'np.power(x, 2)': 0.079, 'x': 0.081, 'z': 0.078, 'x:z': 0.076, 'np.power(z, 2)': 0.217}",0.00022518336472812783,5.380460646440952,1.28168091403723,"{'Intercept': 8024.028214652171, 'np.power(x, 2)': 0.0020368624375392877, 'x': -8.085261797818541}","{'Intercept': 0.054, 'np.power(x, 2)': 0.051, 'x': 0.052}",7.53390380870883e-05,3.948174940820536,1.369431489991356,"{'Intercept': -122.12317308856703, 'x': 0.06176828332199121, 'z': 0.28511095789319535}","{'Intercept': 0.0, 'x': 0.0, 'z': 0.308}",0.00030695284932079516,3.589590837573553,1.4138558049004724,"{'Intercept': -121.21097779884785, 'x': 0.06131148470960996}","{'Intercept': 0.0, 'x': 0.0}",9.154111052840834e-05,3.006090222821925,1.430855706663001,"{'Intercept': 1.5997855647417334, 'np.power(z, 2)': -0.21755633354822596, 'z': 0.33506588948880717}","{'Intercept': 0.0, 'np.power(z, 2)': 0.523, 'z': 0.35}",0.6141370623812152,1.3996920095264438,1.6804757407876714,"{'Intercept': 1.4696679438058748, 'z': 0.2479778629203916}","{'Intercept': 0.0, 'z': 0.451}",0.45104157074317774,1.965623669646658,1.68838999079894,2.526315789473684,2.064741604835056,0.9543691722410585
8727520.0,"Cedar Key, FL",4,8,06/24/2026,Quad,3,Quadratic,"{'Intercept': 8145.408056199441, 'np.power(x, 2)': 0.0020923773583142596, 'x': -8.256504135558405, 'z': -14.32781495851768, 'x:z': 0.007360285458253558, 'np.power(z, 2)': -0.17592336367647443}","{'Intercept': 0.0, 'np.power(x, 2)': 0.0, 'x': 0.0, 'z': 0.577, 'x:z': 0.569, 'np.power(z, 2)': 0.548}",1.0761587915421108e-08,6.726356479157403,1.6556531892150794,"{'Intercept': 8183.914942479126, 'np.power(x, 2)': 0.0021016779927734357, 'x': -8.294419024862618}","{'Intercept': 0.0, 'np.power(x, 2)': 0.0, 'x': 0.0}",1.5968344246779816e-10,6.129214772754494,1.6750063903903023,"{'Intercept': -117.410549774504, 'x': 0.05995420550806435, 'z': 0.25419518953152914}","{'Intercept': 0.0, 'x': 0.0, 'z': 0.402}",1.0110319930402917e-06,4.565060963897423,1.901563111073687,"{'Intercept': -116.27552039417077, 'x': 0.05938502119303503}","{'Intercept': 0.0, 'x': 0.0}",1.9281256722047348e-07,4.038532542918205,1.911332715746768,"{'Intercept': 1.8313065890985334, 'np.power(z, 2)': -0.09652487602453347, 'z': 0.17101291512862785}","{'Intercept': 0.0, 'np.power(z, 2)': 0.807, 'z': 0.661}",0.9026552895914153,1.7872329152576552,2.3192822238838766,"{'Intercept': 1.7758379422935962, 'z': 0.13966815486106504}","{'Intercept': 0.0, 'z': 0.703}",0.7027280678556098,2.055174252015726,2.320294717300284,4.105263157894737,3.107244882566213,1.7888638476306369
8728690.0,"Apalachicola, FL",2,7,06/24/2026,Lin,1,Linear,"{'Intercept': 9508.517828661064, 'np.power(x, 2)': 0.002422915088890476, 'x': -9.599187532517776, 'z': -76.01932267224262, 'x:z': 0.03818780508637564, 'np.power(z, 2)': -0.2037616082007968}","{'Intercept': 0.205, 'np.power(x, 2)': 0.196, 'x': 0.201, 'z': 0.288, 'x:z': 0.285, 'np.power(z, 2)': 0.669}",0.004154396819515729,7.728597619359789,2.226967467192698,"{'Intercept': 9513.679205845494, 'np.power(x, 2)': 0.0024240465416959225, 'x': -9.60410841260511}","{'Intercept': 0.189, 'np.power(x, 2)': 0.18, 'x': 0.185}",0.00037684410293641404,5.681224489793749,2.2752109028224505,"{'Intercept': -192.1186325605723, 'x': 0.09712900410525266, 'z': 0.40199493381253126}","{'Intercept': 0.0, 'x': 0.0, 'z': 0.379}",0.0006313636538194297,5.468719624294636,2.3003299035785862,"{'Intercept': -186.85085234093648, 'x': 0.09450180072028817}","{'Intercept': 0.0, 'x': 0.0}",0.000172704245452625,4.609795918367354,2.319526796961989,"{'Intercept': 2.19648646728584, 'np.power(z, 2)': -0.0026264166697922836, 'z': 0.16602163553021773}","{'Intercept': 0.0, 'np.power(z, 2)': 0.996, 'z': 0.771}",0.9518719721250574,2.5180240716671065,2.687902475923931,"{'Intercept': 2.195051102743411, 'z': 0.1649632418863187}","{'Intercept': 0.0, 'z': 0.752}",0.752213305227988,2.5249775865160484,2.6879031570624825,3.6842105263157894,3.092151922007056,2.1527490996398626
8729108.0,"Panama City, FL",1,5,06/24/2026,Lin,1,Linear,"{'Intercept': 5627.134475093111, 'np.power(x, 2)': 0.0014371634630168382, 'x': -5.687286659189226, 'z': -7.903153487968069, 'x:z': 0.003954492915887361, 'np.power(z, 2)': -0.03252883644117922}","{'Intercept': 0.283, 'np.power(x, 2)': 0.273, 'x': 0.278, 'z': 0.854, 'x:z': 0.854, 'np.power(z, 2)': 0.935}",0.047495395863891364,3.8692612713184644,1.7668273206463045,"{'Intercept': 5639.700914613531, 'np.power(x, 2)': 0.0014402504181092583, 'x': -5.699754096344175}","{'Intercept': 0.254, 'np.power(x, 2)': 0.244, 'x': 0.249}",0.0030822620354306364,3.76044062326946,1.7676002373229205,"{'Intercept': -117.02511474224684, 'x': 0.05927719011055587, 'z': -0.018165383378627567}","{'Intercept': 0.002, 'x': 0.001, 'z': 0.958}",0.006114232154038997,3.0341416549820934,1.794711097498479,"{'Intercept': -116.99772848719351, 'x': 0.05926414156365847}","{'Intercept': 0.002, 'x': 0.001}",0.0013249489355913891,3.0714223207785523,1.7947674686447694,"{'Intercept': 1.6076793240013334, 'np.power(z, 2)': -0.10466758476328585, 'z': 0.01825695184988991}","{'Intercept': 0.0, 'np.power(z, 2)': 0.8, 'z': 0.963}",0.9679951995043764,1.2255228886479699,2.0085054805774356,"{'Intercept': 1.5415263113199547, 'z': -0.0019814872477140607}","{'Intercept': 0.0, 'z': 0.996}",0.9958446899165919,1.5375633368245265,2.009957250166813,2.4210526315789473,2.243900113485056,1.530554640123441
8729210.0,"Panama City Beach, FL",2,7,06/24/2026,Lin,1,Linear,"{'Intercept': -65.28892413443899, 'np.power(x, 2)': 3.6680772722184566e-05, 'x': -0.03982295779902765, 'z': -86.53624703871297, 'x:z': 0.04299311132487661, 'np.power(z, 2)': 0.19576083565651908}","{'Intercept': 0.998, 'np.power(x, 2)': 0.995, 'x': 0.999, 'z': 0.487, 'x:z': 0.489, 'np.power(z, 2)': 0.775}",0.21237055266185245,6.511087172536804,2.354102410383099,"{'Intercept': -5235.921853464701, 'np.power(x, 2)': -0.0012429057610656431, 'x': 5.104717652587583}","{'Intercept': 0.799, 'np.power(x, 2)': 0.807, 'x': 0.803}",0.03298552604387349,4.510662969863006,2.388182405199128,"{'Intercept': -224.30977008603145, 'x': 0.11306429791943202, 'z': -0.11574400517065844}","{'Intercept': 0.012, 'x': 0.011, 'z': 0.852}",0.03340249408587639,4.527009488396516,2.3893365168451677,"{'Intercept': -225.8052376720612, 'x': 0.11380329712181747}","{'Intercept': 0.009, 'x': 0.009}",0.008634796484704799,4.760242296741012,2.3909680975838405,"{'Intercept': 2.417643159110605, 'np.power(z, 2)': 0.37336960311200823, 'z': -0.5151876194397284}","{'Intercept': 0.001, 'np.power(z, 2)': 0.608, 'z': 0.54}",0.8082099848632747,2.8807463326791813,2.7008365004976733,"{'Intercept': 2.615801829515097, 'z': -0.2768558244960742}","{'Intercept': 0.0, 'z': 0.688}",0.6878096923296758,2.0620901805229486,2.7147647831505854,4.0,3.0748244591432297,1.8013565715737343
8729840.0,"PENSACOLA, FL",2,7,06/24/2026,Quad,3,Quadratic,"{'Intercept': 4821.299492120618, 'np.power(x, 2)': 0.0012457838845035497, 'x': -4.901442848892823, 'z': 24.157838698272137, 'x:z': -0.01225711559903734, 'np.power(z, 2)': -0.06755654235619588}","{'Intercept': 0.036, 'np.power(x, 2)': 0.032, 'x': 0.034, 'z': 0.439, 'x:z': 0.435, 'np.power(z, 2)': 0.849}",0.0002958787465258436,2.8951109920708404,2.0340694722839614,"{'Intercept': 4948.576776424958, 'np.power(x, 2)': 0.0012780871816456853, 'x': -5.029707158528624}","{'Intercept': 0.029, 'np.power(x, 2)': 0.026, 'x': 0.027}",1.3058156239017203e-05,4.523853654649429,2.052813322689362,"{'Intercept': -98.1938037542948, 'x': 0.05006077175932853, 'z': -0.24911964225449837}","{'Intercept': 0.0, 'x': 0.0, 'z': 0.455}",0.00012084928492220259,2.7310805455957876,2.1172451912530015,"{'Intercept': -99.16274348956455, 'x': 0.05054674699623907}","{'Intercept': 0.0, 'x': 0.0}",2.7204406995749425e-05,3.2449659248158014,2.125530229104719,"{'Intercept': 1.330568287017989, 'np.power(z, 2)': -0.03525946337666557, 'z': -0.32167844733546647}","{'Intercept': 0.0, 'np.power(z, 2)': 0.93, 'z': 0.416}",0.6709777505699153,0.5461735388403937,2.386588810347548,"{'Intercept': 1.3106581071441978, 'z': -0.3326200397942712}","{'Intercept': 0.0, 'z': 0.372}",0.3723518516988523,0.6454180275556555,2.386717257329386,3.0526315789473686,3.3077969205857025,1.5111859504504537
8735180.0,"Dauphin Island, AL",2,9,06/24/2026,Lin,1,Linear,"{'Intercept': 9788.950683545436, 'np.power(x, 2)': 0.0025057371359560095, 'x': -9.905065499767206, 'z': 25.171366863705025, 'x:z': -0.012728806296238137, 'np.power(z, 2)': -0.1506474940415881}","{'Intercept': 0.524, 'np.power(x, 2)': 0.513, 'x': 0.518, 'z': 0.817, 'x:z': 0.815, 'np.power(z, 2)': 0.857}",0.06363840789109762,4.690085923331935,3.207127837948677,"{'Intercept': 9621.873493305122, 'np.power(x, 2)': 0.0024646819892945224, 'x': -9.739454397777177}","{'Intercept': 0.513, 'np.power(x, 2)': 0.501, 'x': 0.507}",0.005214046906567026,6.4598924980455195,3.2251362713115688,"{'Intercept': -258.92418295284426, 'x': 0.1305472464816506, 'z': -0.3764736970062207}","{'Intercept': 0.002, 'x': 0.002, 'z': 0.611}",0.005751793639268956,4.811591024967413,3.2339417323809427,"{'Intercept': -263.7331598767574, 'x': 0.13294077370763577}","{'Intercept': 0.002, 'x': 0.001}",0.0014061238394399145,5.604847654912703,3.24575724431304,"{'Intercept': 2.6295317109874223, 'np.power(z, 2)': 0.01832372905298909, 'z': -0.6744507177317777}","{'Intercept': 0.002, 'np.power(z, 2)': 0.984, 'z': 0.46}",0.7273338897232493,1.3539251917358233,3.699296570299902,"{'Intercept': 2.639341508483118, 'z': -0.6673705934582803}","{'Intercept': 0.0, 'z': 0.422}",0.4218181800520321,1.3046003215665576,3.699317462493499,4.157894736842105,4.537046982524804,2.1483875385141573
8747437.0,"Bay Waveland, MS",10,17,06/24/2026,Quad,3,Quadratic,"{'Intercept': 27977.64901963483, 'np.power(x, 2)': 0.007087925287711592, 'x': -28.162992214369456, 'z': 74.43641081092225, 'x:z': -0.03709755612851346, 'np.power(z, 2)': 0.7609809973146315}","{'Intercept': 0.046, 'np.power(x, 2)': 0.043, 'x': 0.044, 'z': 0.527, 'x:z': 0.528, 'np.power(z, 2)': 0.338}",0.00023299661420240176,14.661059763540834,3.606018388263889,"{'Intercept': 26723.946548090968, 'np.power(x, 2)': 0.0067740380522658804, 'x': -26.908086210025846}","{'Intercept': 0.048, 'np.power(x, 2)': 0.045, 'x': 0.047}",1.0112156629751477e-05,13.39530280110921,3.683157457060529,"{'Intercept': -412.52599955560623, 'x': 0.20889546967757713, 'z': 0.5542334987051535}","{'Intercept': 0.0, 'x': 0.0, 'z': 0.476}",5.977186377229649e-05,11.804689008575338,3.8423150890245923,"{'Intercept': -406.6832041343728, 'x': 0.20598006644518557}","{'Intercept': 0.0, 'x': 0.0}",1.1946154573231278e-05,10.63241048357321,3.8658663564197164,"{'Intercept': 5.2439768682324885, 'np.power(z, 2)': 0.7482672891437008, 'z': -0.1398715679405176}","{'Intercept': 0.0, 'np.power(z, 2)': 0.454, 'z': 0.895}",0.7392961289768512,7.9573028889262565,4.80871685302029,"{'Intercept': 5.686837748344372, 'z': 0.18460264900662246}","{'Intercept': 0.0, 'z': 0.848}",0.8477737600108812,6.056043046357617,4.841325887632183,8.947368421052632,5.431121065064911,3.9263371027991525
8761724.0,"GRAND ISLE, LA",4,9,06/24/2026,Quad,3,Quadratic,"{'Intercept': 20003.478461193423, 'np.power(x, 2)': 0.0050506665435103, 'x': -20.102755280298314, 'z': 94.37334325847266, 'x:z': -0.047299268818202074, 'np.power(z, 2)': -0.1844931698468386}","{'Intercept': 0.083, 'np.power(x, 2)': 0.079, 'x': 0.081, 'z': 0.296, 'x:z': 0.294, 'np.power(z, 2)': 0.762}",0.00504851503751426,2.9980850449210266,2.739518672226772,"{'Intercept': 20918.657581945172, 'np.power(x, 2)': 0.005278539145982253, 'x': -21.016147523672867}","{'Intercept': 0.064, 'np.power(x, 2)': 0.061, 'x': 0.063}",0.00044192168748959174,6.635646557795553,2.8031507668310987,"{'Intercept': -244.35640181270614, 'x': 0.12290435360267268, 'z': -0.3921330361598752}","{'Intercept': 0.001, 'x': 0.001, 'z': 0.51}",0.0020845858662672193,3.8635525139889637,2.9086155743077104,"{'Intercept': -248.30667260226926, 'x': 0.12487015877726855}","{'Intercept': 0.001, 'x': 0.001}",0.0005171295220019428,4.680269080476819,2.9238715341391557,"{'Intercept': 1.887667496633466, 'np.power(z, 2)': -0.23538428120333574, 'z': -0.4715192205363855}","{'Intercept': 0.006, 'np.power(z, 2)': 0.74, 'z': 0.533}",0.6541868669842954,0.003091930747351923,3.335271063116887,"{'Intercept': 1.7540264535031418, 'z': -0.5819940047758564}","{'Intercept': 0.001, 'z': 0.388}",0.3876933937350956,0.590038443951429,3.3396972968853755,3.611111111111111,4.729617431225451,0.5191185284529638
8762075.0,"Port Fourchon, Belle Pass, LA",0,5,06/24/2026,19 Yr Avg,6,No Temporal Trend with 19 year average,"{'Intercept': -16290.727272771383, 'np.power(x, 2)': -0.003968959592816674, 'x': 16.08294453265176, 'z': 244.50023067856623, 'x:z': -0.12189014241451421, 'np.power(z, 2)': 0.17028099815837672}","{'Intercept': 0.838, 'np.power(x, 2)': 0.84, 'x': 0.839, 'z': 0.489, 'x:z': 0.487, 'np.power(z, 2)': 0.869}",0.7403841412873554,-2.1921069371401245,2.6118670631742407,"{'Intercept': -11207.080360878139, 'np.power(x, 2)': -0.0027142100228777833, 'x': 11.031766529734123}","{'Intercept': 0.881, 'np.power(x, 2)': 0.883, 'x': 0.882}",0.6330395485006088,2.325888497305641,2.7676285191792482,"{'Intercept': -206.0629018962501, 'x': 0.1029832125534766, 'z': -1.0072616580850002}","{'Intercept': 0.306, 'x': 0.303, 'z': 0.233}",0.3080616854387112,0.5665634209235009,2.6590738532809053,"{'Intercept': -192.91304583378266, 'x': 0.09648932712103049}","{'Intercept': 0.342, 'x': 0.338}",0.3381790667305228,2.574330913425115,2.769346504934566,"{'Intercept': 1.4442021476905307, 'np.power(z, 2)': -0.05108297009526601, 'z': -0.9366526314939888}","{'Intercept': 0.107, 'np.power(z, 2)': 0.954, 'z': 0.329}",0.5311491220746992,-0.633434995678511,2.740776773371071,"{'Intercept': 1.4121704475781727, 'z': -0.9603004291845493}","{'Intercept': 0.037, 'z': 0.255}",0.25461673640721744,-0.5084304107909259,2.741033087450727,1.6111111111111112,3.1086007612445923,1.6111111111111112
8768094.0,"Calcasieu Pass, LA",4,14,06/24/2026,Lin,1,Linear,"{'Intercept': -76927.21811092731, 'np.power(x, 2)': -0.018800295929692963, 'x': 76.06251242629467, 'z': 730.305265155401, 'x:z': -0.3629378743160379, 'np.power(z, 2)': 1.5749390006610713}","{'Intercept': 0.516, 'np.power(x, 2)': 0.52, 'x': 0.518, 'z': 0.196, 'x:z': 0.196, 'np.power(z, 2)': 0.361}",0.3231416186584497,2.594588822175865,4.574650485967789,"{'Intercept': -47864.32543699703, 'np.power(x, 2)': -0.011638563997230497, 'x': 47.20868451995911}","{'Intercept': 0.657, 'np.power(x, 2)': 0.662, 'x': 0.66}",0.13531588235297215,7.935086544028309,4.849262162232386,"{'Intercept': -663.4512010477157, 'x': 0.3319724090756197, 'z': -0.11951900811272012}","{'Intercept': 0.056, 'x': 0.055, 'z': 0.935}",0.1487464069808764,8.885861723264384,4.872261049800536,"{'Intercept': -664.5244916820751, 'x': 0.33250714165686673}","{'Intercept': 0.05, 'x': 0.048}",0.048230858545449354,9.134977314736943,4.873097704324236,"{'Intercept': 4.488018095935579, 'np.power(z, 2)': 1.0838049899642004, 'z': -0.7169601080759858}","{'Intercept': 0.008, 'np.power(z, 2)': 0.521, 'z': 0.683}",0.8009659970227991,7.389317839640409,5.300159375360973,"{'Intercept': 5.123239203756366, 'z': -0.23642616229085414}","{'Intercept': 0.0, 'z': 0.88}",0.8799069788693239,4.650386879174658,5.356319788929547,5.684210526315789,5.87889475231288,0.48979163165836326
8770613.0,"Morgans Point, TX",7,18,06/24/2026,Lin,1,Linear,"{'Intercept': 28407.246954682556, 'np.power(x, 2)': 0.007202799589532802, 'x': -28.607754016450944, 'z': -18.292225615996436, 'x:z': 0.009180616796950971, 'np.power(z, 2)': 1.0002685102326707}","{'Intercept': 0.578, 'np.power(x, 2)': 0.569, 'x': 0.574, 'z': 0.948, 'x:z': 0.948, 'np.power(z, 2)': 0.458}",0.08765478556340693,17.712407388266,5.223731967614875,"{'Intercept': 27592.553106250944, 'np.power(x, 2)': 0.006998693905706023, 'x': -27.791875107779095}","{'Intercept': 0.572, 'np.power(x, 2)': 0.563, 'x': 0.567}",0.009898965550617684,13.585043988270627,5.301981122720352,"{'Intercept': -654.7799528299839, 'x': 0.32922840462925784, 'z': 0.6571166567249336}","{'Intercept': 0.003, 'x': 0.003, 'z': 0.601}",0.010216601525564214,13.551028262342356,5.307565941076543,"{'Intercept': -654.1078431372407, 'x': 0.32887700534758657}","{'Intercept': 0.003, 'x': 0.003}",0.0026373085912018658,12.196969696969632,5.332188744462118,"{'Intercept': 6.148399792428219, 'np.power(z, 2)': 0.7738175444064941, 'z': 0.2698023342034829}","{'Intercept': 0.0, 'np.power(z, 2)': 0.602, 'z': 0.867}",0.7919976262454639,9.783274638461162,6.135867593594157,"{'Intercept': 6.6385567696824745, 'z': 0.6308078820716169}","{'Intercept': 0.0, 'z': 0.66}",0.6602582078667236,7.9001725338257085,6.1641964581751765,8.842105263157896,7.17451630498714,3.646167557932472
8771013.0,"Eagle Point, TX",24,49,06/24/2026,Lin,1,Linear,"{'Intercept': 156238.78767025453, 'np.power(x, 2)': 0.039360161241969616, 'x': -156.83924218757957, 'z': -507.21531077150905, 'x:z': 0.25375874290383754, 'np.power(z, 2)': 1.957641613124117}","{'Intercept': 0.196, 'np.power(x, 2)': 0.189, 'x': 0.193, 'z': 0.408, 'x:z': 0.406, 'np.power(z, 2)': 0.509}",0.0002745013507541613,64.82257541702711,11.285337619765995,"{'Intercept': 156924.16347414666, 'np.power(x, 2)': 0.03951936346400445, 'x': -157.49969272957676}","{'Intercept': 0.19, 'np.power(x, 2)': 0.182, 'x': 0.186}",1.6905985844691148e-05,43.968750000029104,11.863660861305672,"{'Intercept': -2648.3817214702017, 'x': 1.325328499630929, 'z': 3.530922747803942}","{'Intercept': 0.0, 'x': 0.0, 'z': 0.218}",1.9275782863630192e-05,43.79566427766804,11.91744780811944,"{'Intercept': -2655.2237903226414, 'x': 1.3286290322580945}","{'Intercept': 0.0, 'x': 0.0}",5.84445315760099e-06,36.57862903225805,12.23928462801829,"{'Intercept': 14.460662033414906, 'np.power(z, 2)': 0.6336285746783172, 'z': 3.3990055595108277}","{'Intercept': 0.002, 'np.power(z, 2)': 0.88, 'z': 0.453}",0.6505215375599626,23.79318745114983,17.0737846119393,"{'Intercept': 14.875953212345184, 'z': 3.70026462897139}","{'Intercept': 0.0, 'z': 0.356}",0.35621496725130286,22.276482470287963,17.080659540176416,22.526315789473685,19.16700991302107,2.0342741935473896
8771450.0,"Galveston Pier 21, TX",12,20,06/24/2026,Quad,3,Quadratic,"{'Intercept': 23908.58858309436, 'np.power(x, 2)': 0.006135746569657268, 'x': -24.224319727573103, 'z': -69.2173290758768, 'x:z': 0.03490909919637842, 'np.power(z, 2)': 0.659256819253663}","{'Intercept': 0.0, 'np.power(x, 2)': 0.0, 'x': 0.0, 'z': 0.253, 'x:z': 0.252, 'np.power(z, 2)': 0.341}",2.526730821717933e-11,21.022540654754266,3.928575956287725,"{'Intercept': 23251.035644548345, 'np.power(x, 2)': 0.005969768390771076, 'x': -23.56337639133472}","{'Intercept': 0.0, 'np.power(x, 2)': 0.0, 'x': 0.0}",4.823659295855212e-13,15.600114860855683,4.017250463291998,"{'Intercept': -325.9687182096663, 'x': 0.165674776927658, 'z': 0.4032287968832455}","{'Intercept': 0.0, 'x': 0.0, 'z': 0.592}",6.912161196692451e-08,10.494837439535274,4.759808074480629,"{'Intercept': -324.3990186915899, 'x': 0.16488845342176722}","{'Intercept': 0.0, 'x': 0.0}",9.555858569383203e-09,9.664987940910464,4.769629851614646,"{'Intercept': 2.8926376262344307, 'np.power(z, 2)': 0.8297860817928535, 'z': -0.13576970427995744}","{'Intercept': 0.002, 'np.power(z, 2)': 0.415, 'z': 0.892}",0.7090382877953174,5.94024254484593,5.9944229432956755,"{'Intercept': 3.3678136270591685, 'z': 0.12467102056730656}","{'Intercept': 0.0, 'z': 0.895}",0.8949294396469771,3.6171556681937815,6.02319535555054,9.842105263157896,8.852263727398501,3.356424963207246
8774770.0,"Rockport, TX",3,8,06/24/2026,Quad,3,Quadratic,"{'Intercept': 9538.172144288785, 'np.power(x, 2)': 0.0024429201489970785, 'x': -9.654509942810325, 'z': 6.043461965165475, 'x:z': -0.003227370486711826, 'np.power(z, 2)': 0.6741482680346071}","{'Intercept': 0.003, 'np.power(x, 2)': 0.003, 'x': 0.003, 'z': 0.893, 'x:z': 0.887, 'np.power(z, 2)': 0.146}",0.00016060169111731747,7.236917450109104,2.4845026472863903,"{'Intercept': 9131.254824852389, 'np.power(x, 2)': 0.0023409841515875432, 'x': -9.24695722681649}","{'Intercept': 0.004, 'np.power(x, 2)': 0.003, 'x': 0.003}",1.0759098672339747e-05,5.900946723932066,2.533875604740975,"{'Intercept': -132.87747427876764, 'x': 0.0674333486342742, 'z': -0.1331015715909802}","{'Intercept': 0.0, 'x': 0.0, 'z': 0.768}",0.000821960940941278,3.476286911089943,2.71742441093891,"{'Intercept': -133.62362252295824, 'x': 0.06780650878040936}","{'Intercept': 0.0, 'x': 0.0}",0.0001612384789944558,3.752364266151119,2.7193517315179196,"{'Intercept': 1.0162259766006785, 'np.power(z, 2)': 0.6625486400051617, 'z': -0.45913024056253365}","{'Intercept': 0.043, 'np.power(z, 2)': 0.215, 'z': 0.379}",0.40142554048654067,2.7481600554962577,3.002786602426287,"{'Intercept': 1.4060893098782137, 'z': -0.2638700947225981}","{'Intercept': 0.001, 'z': 0.597}",0.597145419529787,0.8783491204330175,3.040517478815406,3.7777777777777777,4.881604793454415,1.2769775695851422
8775870.0,"CORPUS CHRISTI, TX",9,17,06/24/2026,Quad,3,Quadratic,"{'Intercept': 52193.80682211072, 'np.power(x, 2)': 0.013109242411409046, 'x': -52.31479067211217, 'z': 7.717196168123949, 'x:z': -0.003994445065144307, 'np.power(z, 2)': 0.19163783687363317}","{'Intercept': 0.072, 'np.power(x, 2)': 0.07, 'x': 0.071, 'z': 0.966, 'x:z': 0.964, 'np.power(z, 2)': 0.838}",0.04376419975418837,13.249076984073326,3.928049662043237,"{'Intercept': 51898.880570200876, 'np.power(x, 2)': 0.01303674987905264, 'x': -52.022280233598536}","{'Intercept': 0.059, 'np.power(x, 2)': 0.057, 'x': 0.058}",0.0026654154215844405,13.375163480515766,3.934522808527933,"{'Intercept': -400.43407093705116, 'x': 0.20156268777777145, 'z': -0.1609025748859837}","{'Intercept': 0.005, 'x': 0.005, 'z': 0.862}",0.016422262263273948,7.610129350941804,4.150664197706099,"{'Intercept': -403.1910858226767, 'x': 0.20293978188715614}","{'Intercept': 0.004, 'x': 0.004}",0.003940193161438313,7.96491228070164,4.152541639260551,"{'Intercept': 3.1887944806967585, 'np.power(z, 2)': 0.17058732972374974, 'z': -0.5367881192016707}","{'Intercept': 0.004, 'np.power(z, 2)': 0.87, 'z': 0.621}",0.8830149114681993,2.7975675611884157,4.666762385749378,"{'Intercept': 3.293380716490777, 'z': -0.4830449661377942}","{'Intercept': 0.0, 'z': 0.635}",0.6354383112726507,2.3272907842151884,4.668639820122061,5.133333333333334,6.738658902891866,1.3196192143586813
8779770.0,"Port Isabel, TX",0,1,06/24/2026,Lin ENSO,2,Linear With ENSO Sensitivity,"{'Intercept': 1752.9788220214393, 'np.power(x, 2)': 0.00045080097603242427, 'x': -1.777864432293377, 'z': 25.025055112782336, 'x:z': -0.012739643614086043, 'np.power(z, 2)': -0.0021811351663835556}","{'Intercept': 0.129, 'np.power(x, 2)': 0.123, 'x': 0.126, 'z': 0.116, 'x:z': 0.112, 'np.power(z, 2)': 0.99}",0.01158491168877599,-0.1622209474526244,1.0188740643090348,"{'Intercept': 1904.644713044441, 'np.power(x, 2)': 0.0004894861815837302, 'x': -1.9310702216615052}","{'Intercept': 0.107, 'np.power(x, 2)': 0.102, 'x': 0.104}",0.013470430919184541,1.4786258366104903,1.066881234029608,"{'Intercept': -26.447808100869377, 'x': 0.01353360404300881, 'z': -0.342169336714895}","{'Intercept': 0.022, 'x': 0.02, 'z': 0.049}",0.007326947962534222,0.2869350168366829,1.0576405644330327,"{'Intercept': -28.38568942689629, 'x': 0.014499716285227978}","{'Intercept': 0.016, 'x': 0.015}",0.014660635570448801,0.9907357669755932,1.0876596627164201,"{'Intercept': 0.45770618081702114, 'np.power(z, 2)': -0.0005063371018423069, 'z': -0.37621046572829137}","{'Intercept': 0.008, 'np.power(z, 2)': 0.998, 'z': 0.049}",0.1106157312082259,-0.2967400990469308,1.0994600136253045,"{'Intercept': 0.4574331876841786, 'z': -0.3763845137689259}","{'Intercept': 0.001, 'z': 0.035}",0.03520699711131432,-0.2953358398536732,1.0994600705206001,1.0,1.8257418583505538,0.6137431435596667
9410170.0,"SAN DIEGO, CA",11,15,06/24/2026,Quad ENSO,4,Quadratic With ENSO Sensitivity,"{'Intercept': 8305.301725827638, 'np.power(x, 2)': 0.002146187784083237, 'x': -8.44394096625254, 'z': -59.24881890132745, 'x:z': 0.030380601326126216, 'np.power(z, 2)': 0.33900178137772263}","{'Intercept': 0.001, 'np.power(x, 2)': 0.0, 'x': 0.001, 'z': 0.07, 'x:z': 0.065, 'np.power(z, 2)': 0.357}",4.2079063946675085e-11,13.243382915954498,2.104948831312095,"{'Intercept': 7893.605654907216, 'np.power(x, 2)': 0.0020411724384532823, 'x': -8.027962719670198}","{'Intercept': 0.003, 'np.power(x, 2)': 0.002, 'x': 0.003}",1.5096487517424579e-09,7.304704836060409,2.386546326969269,"{'Intercept': -174.46769821054335, 'x': 0.08875482851610791, 'z': 1.2839228437540537}","{'Intercept': 0.0, 'x': 0.0, 'z': 0.001}",5.564834079156356e-10,7.917430050599393,2.3536945172343695,"{'Intercept': -168.8600411477716, 'x': 0.08594590500967798}","{'Intercept': 0.0, 'x': 0.0}",1.8883626040023368e-08,5.266362401836005,2.544760392772025,"{'Intercept': 1.6560486237494747, 'np.power(z, 2)': 0.5484044482755952, 'z': 0.9540078011138609}","{'Intercept': 0.001, 'np.power(z, 2)': 0.284, 'z': 0.059}",0.0387635867483378,5.757682019079577,3.0246857388694677,"{'Intercept': 1.9657450086385948, 'z': 1.1208031086467032}","{'Intercept': 0.0, 'z': 0.02}",0.020368949564496638,4.207351225932001,3.0491075767716285,5.368421052631579,4.1259413244574255,2.3699693799499073
9410230.0,"La Jolla, CA",3,7,06/24/2026,Lin ENSO,2,Linear With ENSO Sensitivity,"{'Intercept': -136.15955609464135, 'np.power(x, 2)': -1.5728449391171105e-05, 'x': 0.10029161197259076, 'z': -55.02964981487824, 'x:z': 0.02815726062982419, 'np.power(z, 2)': 0.3544875110941434}","{'Intercept': 0.945, 'np.power(x, 2)': 0.975, 'x': 0.96, 'z': 0.059, 'x:z': 0.054, 'np.power(z, 2)': 0.264}",1.1870689107723344e-05,7.9229315153405935,1.6887476552289327,"{'Intercept': -613.0193126668423, 'np.power(x, 2)': -0.00013698835195542742, 'x': 0.5813513792304367}","{'Intercept': 0.781, 'np.power(x, 2)': 0.806, 'x': 0.794}",0.005429744378616899,2.5057811030263792,1.9673521343776847,"{'Intercept': -83.6693369324282, 'x': 0.04267035769774493, 'z': 1.2206539406216261}","{'Intercept': 0.0, 'x': 0.0, 'z': 0.0}",2.3600902130776497e-06,5.222115644446276,1.7556709320141621,"{'Intercept': -71.72069197951963, 'x': 0.03670279797865664}","{'Intercept': 0.001, 'x': 0.001}",0.0012273849618744212,2.6391767252387126,1.968228561157162,"{'Intercept': 0.918053138247366, 'np.power(z, 2)': 0.569202810675246, 'z': 0.8090813204399969}","{'Intercept': 0.003, 'np.power(z, 2)': 0.106, 'z': 0.024}",0.002390160483697577,4.8130270218283435,1.9437554563114192,"{'Intercept': 1.2144084590466027, 'z': 1.0384781321067909}","{'Intercept': 0.0, 'z': 0.002}",0.0020380680006671552,3.2913647232601844,1.9816861648146284,2.263157894736842,2.9409391029087195,1.6849039777936525
9410660.0,"LOS ANGELES, CA",3,6,06/24/2026,Lin ENSO,2,Linear With ENSO Sensitivity,"{'Intercept': 2193.836317028495, 'np.power(x, 2)': 0.0005721388500215878, 'x': -2.240569223564987, 'z': -35.74528521609175, 'x:z': 0.018384037039557828, 'np.power(z, 2)': 0.3499941724624306}","{'Intercept': 0.169, 'np.power(x, 2)': 0.156, 'x': 0.162, 'z': 0.107, 'x:z': 0.099, 'np.power(z, 2)': 0.163}",3.327742596277238e-06,7.289200778996928,1.4329567871933107,"{'Intercept': 1867.5679214076902, 'np.power(x, 2)': 0.0004891268049156888, 'x': -1.9113057070928328}","{'Intercept': 0.294, 'np.power(x, 2)': 0.278, 'x': 0.286}",0.0009543716607467797,2.9696159317209094,1.644362694621607,"{'Intercept': -68.16650583961787, 'x': 0.03489866098543053, 'z': 0.9320784320599749}","{'Intercept': 0.0, 'x': 0.0, 'z': 0.0}",1.3956604709907306e-06,4.40233818098433,1.5037057196810597,"{'Intercept': -64.32399179767565, 'x': 0.03297334244702649}","{'Intercept': 0.0, 'x': 0.0}",0.00034455315163451635,2.480000000000018,1.6577796182189874,"{'Intercept': 0.9332833479177051, 'np.power(z, 2)': 0.4703377493877617, 'z': 0.7267025091938882}","{'Intercept': 0.0, 'np.power(z, 2)': 0.093, 'z': 0.009}",0.0014805092988049242,4.268039363856528,1.6542831897327357,"{'Intercept': 1.1956373928961495, 'z': 0.8704293383789439}","{'Intercept': 0.0, 'z': 0.001}",0.0013563195973137153,2.936496069654037,1.6867467189067775,2.3684210526315788,2.314460011795155,1.6226930963773327
9410840.0,"SANTA MONICA, CA",5,8,06/24/2026,Lin ENSO,2,Linear With ENSO Sensitivity,"{'Intercept': 10537.534453068345, 'np.power(x, 2)': 0.0026530127927327078, 'x': -10.574291093738614, 'z': 56.15878326896172, 'x:z': -0.027316831360126907, 'np.power(z, 2)': 0.5318765917552821}","{'Intercept': 0.049, 'np.power(x, 2)': 0.047, 'x': 0.048, 'z': 0.251, 'x:z': 0.264, 'np.power(z, 2)': 0.134}",0.00011253098431700999,7.535907410545406,1.6093116926506716,"{'Intercept': 9487.894601859769, 'np.power(x, 2)': 0.0023868798164793513, 'x': -9.516981392537103}","{'Intercept': 0.153, 'np.power(x, 2)': 0.15, 'x': 0.151}",0.13468623333549498,3.8585981667965825,2.1031166681308164,"{'Intercept': -76.87861957470363, 'x': 0.039391769335780376, 'z': 1.6666852799253382}","{'Intercept': 0.044, 'x': 0.039, 'z': 0.0}",5.667754084528735e-05,6.262475659438081,1.7477708963441039,"{'Intercept': -61.713137441546564, 'x': 0.031839731623015295}","{'Intercept': 0.178, 'x': 0.164}",0.1640917792482698,2.7941588266824198,2.1562675408916276,"{'Intercept': 1.711094093181601, 'np.power(z, 2)': 0.46638178947958187, 'z': 1.4170711962271245}","{'Intercept': 0.0, 'np.power(z, 2)': 0.211, 'z': 0.001}",0.00022022071688373082,6.410763643554177,1.8051735429283118,"{'Intercept': 1.9759786932545713, 'z': 1.6007375411879197}","{'Intercept': 0.0, 'z': 0.0}",8.487249456353903e-05,5.17745377563041,1.8395244907264559,2.6842105263157894,2.427907914667536,1.966325804484029
9412110.0,"PORT SAN LUIS, CA",1,4,06/24/2026,No Trend Linear,5,No Temporal Trend with Linear ENSO Sensitivity,"{'Intercept': 46.1913494488912, 'np.power(x, 2)': 9.344165526231067e-06, 'x': -0.041378586050737125, 'z': 43.33775233054267, 'x:z': -0.021408551899980716, 'np.power(z, 2)': 0.008843731317762532}","{'Intercept': 0.978, 'np.power(x, 2)': 0.982, 'x': 0.98, 'z': 0.089, 'x:z': 0.094, 'np.power(z, 2)': 0.973}",0.06318152197434353,0.6765333732803356,1.4060755950102393,"{'Intercept': -266.746871947761, 'np.power(x, 2)': -6.936982719414004e-05, 'x': 0.2725347209534736}","{'Intercept': 0.878, 'np.power(x, 2)': 0.875, 'x': 0.876}",0.9203699899381471,0.6678078960424614,1.5249164305990466,"{'Intercept': 7.180653177814154, 'x': -0.0031750352207065105, 'z': 0.6752799168944271}","{'Intercept': 0.67, 'x': 0.708, 'z': 0.007}",0.022514000857200324,2.098591654451617,1.440302073283171,"{'Intercept': 7.521532761935314, 'x': -0.003350283542874462}","{'Intercept': 0.671, 'x': 0.706}",0.7063384990049512,0.7338583040716538,1.525210712429519,"{'Intercept': 0.9220686288695198, 'np.power(z, 2)': -0.11014846939939382, 'z': 0.7043628156076575}","{'Intercept': 0.0, 'np.power(z, 2)': 0.661, 'z': 0.006}",0.02194104766794273,1.8902003824872593,1.4397309811061907,"{'Intercept': 0.8608935396954694, 'z': 0.6759508741149197}","{'Intercept': 0.0, 'z': 0.006}",0.0061582512575930875,2.2127952879253088,1.4418747401490075,0.6842105263157895,1.2495613265350085,0.6842105263157895
9413450.0,"MONTEREY, CA",0,2,06/24/2026,19 Yr Avg,6,No Temporal Trend with 19 year average,"{'Intercept': 6183.229331370092, 'np.power(x, 2)': 0.001550574853002888, 'x': -6.192602706183039, 'z': 78.00061862645644, 'x:z': -0.03879954583738539, 'np.power(z, 2)': 0.13796908475114664}","{'Intercept': 0.152, 'np.power(x, 2)': 0.151, 'x': 0.152, 'z': 0.055, 'x:z': 0.056, 'np.power(z, 2)': 0.642}",0.17250149646203575,0.9609878265691805,1.4809221639592096,"{'Intercept': 3637.344254468903, 'np.power(x, 2)': 0.0009158433131810671, 'x': -3.650091799931185}","{'Intercept': 0.399, 'np.power(x, 2)': 0.396, 'x': 0.398}",0.5149244990144278,1.498335183131985,1.5825151273506934,"{'Intercept': -21.126251333573855, 'x': 0.010943514552783092, 'z': 0.43600920252720865}","{'Intercept': 0.467, 'x': 0.451, 'z': 0.133}",0.2365800364076741,1.9173275554191065,1.5580900743046098,"{'Intercept': -22.152233510724827, 'x': 0.011449766166747671}","{'Intercept': 0.451, 'x': 0.436}",0.4362816956681499,1.0449927431059542,1.5940693150146326,"{'Intercept': 0.7702804159663735, 'np.power(z, 2)': -0.03345131739187214, 'z': 0.44987635180550944}","{'Intercept': 0.009, 'np.power(z, 2)': 0.908, 'z': 0.136}",0.3130289156012308,1.536227850009904,1.5668401371902452,"{'Intercept': 0.7499940358327171, 'z': 0.4409905289023545}","{'Intercept': 0.001, 'z': 0.127}",0.12668542544430028,1.631975093637426,1.5670525926169885,0.7894736842105263,1.685854460847049,0.7894736842105263
9414290.0,"San Francisco, CA",1,3,06/24/2026,Lin ENSO,2,Linear With ENSO Sensitivity,"{'Intercept': -890.968103074333, 'np.power(x, 2)': -0.00022103024336202906, 'x': 0.887813666758424, 'z': 8.572115347843823, 'x:z': -0.004068988769972819, 'np.power(z, 2)': 0.18942370062341807}","{'Intercept': 0.447, 'np.power(x, 2)': 0.457, 'x': 0.452, 'z': 0.609, 'x:z': 0.63, 'np.power(z, 2)': 0.29}",0.021304859610861274,1.8992335782054397,1.0132863347862564,"{'Intercept': -1178.3339209099777, 'np.power(x, 2)': -0.0002947280149242075, 'x': 1.1789527883439168}","{'Intercept': 0.337, 'np.power(x, 2)': 0.343, 'x': 0.339}",0.2844911343419504,0.46141888776151063,1.0975109863246704,"{'Intercept': -19.34916111450338, 'x': 0.009968573781911114, 'z': 0.5469748887260207}","{'Intercept': 0.091, 'x': 0.084, 'z': 0.002}",0.0031334691470732423,1.9411191451005756,1.0280907151488372,"{'Intercept': -14.897843193176382, 'x': 0.0077328799020935065}","{'Intercept': 0.217, 'x': 0.203}",0.20328387529393033,0.7689714884650627,1.1047496313309264,"{'Intercept': 0.3478720103992622, 'np.power(z, 2)': 0.21292040506603593, 'z': 0.44917427291563866}","{'Intercept': 0.031, 'np.power(z, 2)': 0.231, 'z': 0.013}",0.006846170975500906,2.0979021764946832,1.039801886454726,"{'Intercept': 0.46511611727218316, 'z': 0.5116395564027996}","{'Intercept': 0.0, 'z': 0.003}",0.003387740844254876,1.4883952300777823,1.050745669644547,0.3333333333333333,0.9701425001453319,0.5679166110106308
9414750.0,"ALAMEDA, CA",0,4,06/24/2026,No Trend Linear,5,No Temporal Trend with Linear ENSO Sensitivity,"{'Intercept': 6653.496826561, 'np.power(x, 2)': 0.0016560221952840008, 'x': -6.638744166310601, 'z': 142.17869623096246, 'x:z': -0.07073556096919839, 'np.power(z, 2)': 0.3203912550177056}","{'Intercept': 0.265, 'np.power(x, 2)': 0.266, 'x': 0.266, 'z': 0.004, 'x:z': 0.004, 'np.power(z, 2)': 0.311}",0.011095403173537272,-0.14582949992200156,1.4519266134953364,"{'Intercept': 8162.2601757437205, 'np.power(x, 2)': 0.0020288453452142257, 'x': -8.138661592781853}","{'Intercept': 0.222, 'np.power(x, 2)': 0.224, 'x': 0.223}",0.380409567796549,1.0845849802353769,1.6979501904223664,"{'Intercept': 19.19573096779412, 'x': -0.009274781544162758, 'z': 0.6857548440459788}","{'Intercept': 0.616, 'x': 0.628, 'z': 0.041}",0.09788157789303559,1.7765332474123312,1.6451839726621813,"{'Intercept': 26.935245143385313, 'x': -0.013135985198889697}","{'Intercept': 0.497, 'x': 0.507}",0.5066577469352482,0.32173913043478564,1.7277681562506035,"{'Intercept': 0.49664381308279504, 'np.power(z, 2)': 0.21260370557109262, 'z': 0.6113133158613451}","{'Intercept': 0.129, 'np.power(z, 2)': 0.533, 'z': 0.091}",0.09054511018703376,2.569685267089856,1.6422058208913417,"{'Intercept': 0.6228136040657283, 'z': 0.7011484259530039}","{'Intercept': 0.016, 'z': 0.035}",0.03465587618361863,2.025110455971736,1.6497423799768347,0.3157894736842105,0.9459053029269173,0.3157894736842105
9415020.0,"POINT REYES, CA",1,5,06/24/2026,No Trend Linear,5,No Temporal Trend with Linear ENSO Sensitivity,"{'Intercept': 6421.832051245964, 'np.power(x, 2)': 0.0016115609730552917, 'x': -6.433577413505491, 'z': 124.90364826917606, 'x:z': -0.062073458042624874, 'np.power(z, 2)': 0.03823794940755643}","{'Intercept': 0.279, 'np.power(x, 2)': 0.277, 'x': 0.279, 'z': 0.022, 'x:z': 0.023, 'np.power(z, 2)': 0.919}",0.07380051344242215,0.7784564678086099,1.8211944253925447,"{'Intercept': 4978.332548663597, 'np.power(x, 2)': 0.0012505480718462492, 'x': -4.989736389844751}","{'Intercept': 0.428, 'np.power(x, 2)': 0.426, 'x': 0.427}",0.583862638891977,2.2212801917066827,2.010954010117191,"{'Intercept': -29.438811055847868, 'x': 0.015376422387176548, 'z': 0.7072006255383545}","{'Intercept': 0.459, 'x': 0.439, 'z': 0.064}",0.14214461682538956,3.128221951648527,1.9514042171336632,"{'Intercept': -25.701111017655364, 'x': 0.013507313753526835}","{'Intercept': 0.528, 'x': 0.507}",0.5069591316681945,1.6647066469900018,2.0247031704442584,"{'Intercept': 1.403502851005135, 'np.power(z, 2)': -0.14039396186008915, 'z': 0.7423492432354609}","{'Intercept': 0.0, 'np.power(z, 2)': 0.715, 'z': 0.068}",0.17984817867068195,2.3266254900357004,1.9611968575885566,"{'Intercept': 1.3213852884990651, 'z': 0.6926442495326911}","{'Intercept': 0.0, 'z': 0.068}",0.06794045386925784,2.7066737875644473,1.9640082563138814,1.4210526315789473,2.410988489619149,1.4210526315789473
9415144.0,"PORT CHICAGO, CA",1,6,06/24/2026,No Trend Linear,5,No Temporal Trend with Linear ENSO Sensitivity,"{'Intercept': 10356.675376159747, 'np.power(x, 2)': 0.0025769094135752926, 'x': -10.332271733564141, 'z': 238.8166425013487, 'x:z': -0.11892979815434389, 'np.power(z, 2)': 0.9193786294923847}","{'Intercept': 0.189, 'np.power(x, 2)': 0.19, 'x': 0.19, 'z': 0.001, 'x:z': 0.001, 'np.power(z, 2)': 0.041}",0.0007134881057968428,0.27832543463955517,2.006420422692555,"{'Intercept': 12130.657549695143, 'np.power(x, 2)': 0.003014503498027912, 'x': -12.094130944316946}","{'Intercept': 0.199, 'np.power(x, 2)': 0.2, 'x': 0.199}",0.3106802354149629,1.5084167802269803,2.524942491169996,"{'Intercept': 33.8458939730372, 'x': -0.016456931810454215, 'z': 1.1078958672820665}","{'Intercept': 0.541, 'x': 0.552, 'z': 0.027}",0.05963827318139184,2.7199418596210947,2.4298641270046675,"{'Intercept': 48.72463175122819, 'x': -0.023885024549918515}","{'Intercept': 0.398, 'x': 0.407}",0.40727756666190795,0.3335720130932742,2.574129128589697,"{'Intercept': 0.5055289343815321, 'np.power(z, 2)': 0.670652288820845, 'z': 0.857425533013865}","{'Intercept': 0.285, 'np.power(z, 2)': 0.179, 'z': 0.104}",0.028658879629775334,4.902989155692643,2.3888036721372514,"{'Intercept': 0.903112322515213, 'z': 1.1420829107505075}","{'Intercept': 0.018, 'z': 0.021}",0.02080127781392018,3.187278144016228,2.4399984594772843,0.6111111111111112,1.753614381411378,0.6111111111111112
9416841.0,"ARENA COVE, CA",4,8,06/24/2026,No Trend Linear,5,No Temporal Trend with Linear ENSO Sensitivity,"{'Intercept': 486.9118310242631, 'np.power(x, 2)': 0.00011995933399325029, 'x': -0.482517114632858, 'z': 134.93304839654095, 'x:z': -0.06649230357072702, 'np.power(z, 2)': 0.6743043237050661}","{'Intercept': 0.957, 'np.power(x, 2)': 0.958, 'x': 0.958, 'z': 0.125, 'x:z': 0.129, 'np.power(z, 2)': 0.198}",0.003970987410668302,4.862856015487637,2.158281890723569,"{'Intercept': 5950.5682938312875, 'np.power(x, 2)': 0.0014666954879598373, 'x': -5.907553633072377}","{'Intercept': 0.575, 'np.power(x, 2)': 0.579, 'x': 0.577}",0.5726645776041039,2.174401963685341,2.7322845963629514,"{'Intercept': 25.27343362616578, 'x': -0.01148801046127651, 'z': 1.9439161944860612}","{'Intercept': 0.684, 'x': 0.71, 'z': 0.0}",0.001218142919852515,5.886556820591693,2.3030220618199944,"{'Intercept': 67.3922380758272, 'x': -0.03245821443130943}","{'Intercept': 0.35, 'x': 0.367}",0.36679016668199194,1.6318956379942904,2.744136980734047,"{'Intercept': 1.82582771258272, 'np.power(z, 2)': 0.6955698340845391, 'z': 1.6185571081609336}","{'Intercept': 0.001, 'np.power(z, 2)': 0.176, 'z': 0.005}",0.0005158130320428247,7.845221265242744,2.2486986894594354,"{'Intercept': 2.236730544620843, 'z': 1.9767919712765492}","{'Intercept': 0.0, 'z': 0.0}",0.00024208506413930548,6.190314487173941,2.3074959967360837,1.736842105263158,1.9956092153402372,1.736842105263158
9418767.0,"Humboldt Bay, CA (North Spit)",17,23,06/24/2026,Quad ENSO,4,Quadratic With ENSO Sensitivity,"{'Intercept': 32224.455297909448, 'np.power(x, 2)': 0.008160891751046786, 'x': -32.43297947499761, 'z': 77.03329830012396, 'x:z': -0.03748064105248144, 'np.power(z, 2)': 1.2122080219503975}","{'Intercept': 0.008, 'np.power(x, 2)': 0.007, 'x': 0.008, 'z': 0.454, 'x:z': 0.466, 'np.power(z, 2)': 0.081}",8.227265681066029e-08,20.099261827403097,3.182302596477277,"{'Intercept': 31990.097139795602, 'np.power(x, 2)': 0.008097424908957547, 'x': -32.1884708510697}","{'Intercept': 0.02, 'np.power(x, 2)': 0.019, 'x': 0.019}",1.7268621460335546e-06,13.56088112861471,3.814291979446894,"{'Intercept': -474.5214790835418, 'x': 0.23942690169964506, 'z': 2.585279888135058}","{'Intercept': 0.0, 'x': 0.0, 'z': 0.001}",7.725253802773972e-08,15.727983536209194,3.5598237170787437,"{'Intercept': -446.65123389782184, 'x': 0.2255210594876284}","{'Intercept': 0.0, 'x': 0.0}",4.187162080803327e-06,10.254432624113292,4.05934920271794,"{'Intercept': 3.952581716902198, 'np.power(z, 2)': 1.3093312749256059, 'z': 1.6077729828552059}","{'Intercept': 0.0, 'np.power(z, 2)': 0.182, 'z': 0.122}",0.03625609089828779,12.405452782315034,4.758401889672107,"{'Intercept': 4.697733225643312, 'z': 2.1554359558873477}","{'Intercept': 0.0, 'z': 0.027}",0.02707201533263918,9.008605137418009,4.854665238521523,7.7894736842105265,5.921513952139277,2.8550734863856633
9419750.0,"Crescent City, CA",3,10,06/24/2026,Lin ENSO,2,Linear With ENSO Sensitivity,"{'Intercept': -3641.762894960961, 'np.power(x, 2)': -0.0009462312651891439, 'x': 3.7147033746966307, 'z': 97.17120275684276, 'x:z': -0.04799587591405316, 'np.power(z, 2)': 1.4072704107743494}","{'Intercept': 0.299, 'np.power(x, 2)': 0.286, 'x': 0.292, 'z': 0.047, 'x:z': 0.051, 'np.power(z, 2)': 0.014}",1.4014928484283085e-05,5.7455754559377965,3.1290463334602485,"{'Intercept': -4322.807415824973, 'np.power(x, 2)': -0.0011200478312161772, 'x': 4.403327860045148}","{'Intercept': 0.286, 'np.power(x, 2)': 0.275, 'x': 0.28}",0.03214969025706627,0.9013769814037005,3.703062049070421,"{'Intercept': 89.47887694687671, 'x': -0.04310136003576417, 'z': 2.170716581510871}","{'Intercept': 0.015, 'x': 0.02, 'z': 0.0}",3.727966083470156e-05,6.496954677440257,3.36676678299959,"{'Intercept': 100.516909769052, 'x': -0.04861588831118136}","{'Intercept': 0.013, 'x': 0.017}",0.016836178155642204,2.0211200505985687,3.734532582780585,"{'Intercept': 3.1575380816909533, 'np.power(z, 2)': 1.1729174853762443, 'z': 1.866835811313751}","{'Intercept': 0.0, 'np.power(z, 2)': 0.048, 'z': 0.002}",8.062701312601298e-05,11.582879645823432,3.4035447488923705,"{'Intercept': 3.7987223168654216, 'z': 2.267134058445813}","{'Intercept': 0.0, 'z': 0.0}",0.0001053616794022879,8.332990433757047,3.4988252982437205,1.736842105263158,2.02325659555628,3.28513314668929
9431647.0,"PORT ORFORD, OR",11,20,06/24/2026,No Trend Quad,5,No Temporal Trend with Quadratic ENSO Sensitivity,"{'Intercept': -10544.365635947232, 'np.power(x, 2)': -0.0026535879159722644, 'x': 10.581595092246493, 'z': 353.87403478134087, 'x:z': -0.17566999799149458, 'np.power(z, 2)': 1.854942177618987}","{'Intercept': 0.501, 'np.power(x, 2)': 0.498, 'x': 0.499, 'z': 0.006, 'x:z': 0.006, 'np.power(z, 2)': 0.033}",0.000454501876011704,5.18039477441198,3.712387414104938,"{'Intercept': -8420.308212362108, 'np.power(x, 2)': -0.0021386398104276576, 'x': 8.49040292596841}","{'Intercept': 0.666, 'np.power(x, 2)': 0.661, 'x': 0.663}",0.3832573475513438,2.824613142936869,4.84683595523291,"{'Intercept': 111.19982060713505, 'x': -0.05294701084200312, 'z': 2.920965015352333}","{'Intercept': 0.274, 'x': 0.296, 'z': 0.002}",0.0036233060754153746,9.771106671941382,4.313687542828797,"{'Intercept': 153.79539903794574, 'x': -0.07412502216401126}","{'Intercept': 0.172, 'x': 0.187}",0.18653900517369099,3.6181041336589317,4.858670724215066,"{'Intercept': 4.207336474582395, 'np.power(z, 2)': 1.6683554239349183, 'z': 2.243572299879787}","{'Intercept': 0.0, 'np.power(z, 2)': 0.073, 'z': 0.025}",0.0012391700543393294,15.367902770081642,4.199516881982337,"{'Intercept': 5.157777212983807, 'z': 3.042807348776412}","{'Intercept': 0.0, 'z': 0.001}",0.0013552748679550078,11.24339191053663,4.3736947341577945,3.736842105263158,3.052177824715364,3.736842105263158
9432780.0,"CHARLESTON, OR",15,23,06/24/2026,No Trend Quad,5,No Temporal Trend with Quadratic ENSO Sensitivity,"{'Intercept': -8421.751839509941, 'np.power(x, 2)': -0.0020943585561154308, 'x': 8.401874311516906, 'z': 139.8271538727977, 'x:z': -0.06876068318266762, 'np.power(z, 2)': 2.6106941159319987}","{'Intercept': 0.4, 'np.power(x, 2)': 0.403, 'x': 0.401, 'z': 0.139, 'x:z': 0.146, 'np.power(z, 2)': 0.002}",4.6897410824506645e-05,15.261010894801075,3.888547660042501,"{'Intercept': -12384.955679704943, 'np.power(x, 2)': -0.0030880421791187563, 'x': 12.371747992254836}","{'Intercept': 0.323, 'np.power(x, 2)': 0.325, 'x': 0.324}",0.4946756882923433,4.793132986895216,5.119344841521163,"{'Intercept': -52.753437599938984, 'x': 0.029230577652005874, 'z': 3.4282415690700447}","{'Intercept': 0.515, 'x': 0.471, 'z': 0.0}",0.0003018335853828887,13.324195861165009,4.401606985504483,"{'Intercept': -56.36676761631883, 'x': 0.030995170133410733}","{'Intercept': 0.549, 'x': 0.51}",0.510330744864685,6.4294470739713105,5.17072755704102,"{'Intercept': 4.218961201215218, 'np.power(z, 2)': 2.3012338799028127, 'z': 2.637860989863114}","{'Intercept': 0.0, 'np.power(z, 2)': 0.004, 'z': 0.001}",6.502301334952391e-06,18.699618700552698,4.070023970026788,"{'Intercept': 5.68200681215799, 'z': 3.4341186401657584}","{'Intercept': 0.0, 'z': 0.0}",6.855000112053272e-05,12.550244092489507,4.425292706313523,5.2631578947368425,4.214289254207482,5.2631578947368425
9435380.0,"South Beach, OR",16,24,06/24/2026,No Trend Quad,5,No Temporal Trend with Quadratic ENSO Sensitivity,"{'Intercept': 4265.503931637323, 'np.power(x, 2)': 0.0010765065448480134, 'x': -4.283091963748808, 'z': 192.62340832607245, 'x:z': -0.09506849348165199, 'np.power(z, 2)': 2.49935197676911}","{'Intercept': 0.631, 'np.power(x, 2)': 0.629, 'x': 0.63, 'z': 0.037, 'x:z': 0.04, 'np.power(z, 2)': 0.003}",3.5464161450735144e-05,16.696880534369484,4.127603515175572,"{'Intercept': 757.6168368203338, 'np.power(x, 2)': 0.0001970654619850806, 'x': -0.7694072473248573}","{'Intercept': 0.946, 'np.power(x, 2)': 0.944, 'x': 0.945}",0.9172785591299428,7.687625979245581,5.3588582186902345,"{'Intercept': -29.690548508612835, 'x': 0.018447163986999675, 'z': 3.5770384087352864}","{'Intercept': 0.681, 'x': 0.61, 'z': 0.0}",0.00015990798547331538,14.837482546519084,4.578608601436059,"{'Intercept': -27.401387116058878, 'x': 0.01726018322534779}","{'Intercept': 0.743, 'x': 0.681}",0.6808073528139611,7.567744098495744,5.359101877507598,"{'Intercept': 5.853235150658289, 'np.power(z, 2)': 2.085420002261814, 'z': 2.9796681675184}","{'Intercept': 0.0, 'np.power(z, 2)': 0.01, 'z': 0.0}",6.391938451681119e-06,20.154251494742343,4.318282184943824,"{'Intercept': 7.1318325136196705, 'z': 3.574065992262164}","{'Intercept': 0.0, 'z': 0.0}",3.0587195440730586e-05,14.279964498143999,4.589534222162068,7.105263157894737,4.532533469167415,7.105263157894737
9439040.0,"Astoria, OR",16,24,06/24/2026,No Trend Quad,5,No Temporal Trend with Quadratic ENSO Sensitivity,"{'Intercept': 284.12996952843207, 'np.power(x, 2)': 7.938516663665676e-05, 'x': -0.2980054753890669, 'z': 102.01350293520333, 'x:z': -0.05045767939196221, 'np.power(z, 2)': 2.980054576886298}","{'Intercept': 0.949, 'np.power(x, 2)': 0.944, 'x': 0.947, 'z': 0.104, 'x:z': 0.11, 'np.power(z, 2)': 0.0}",1.9824865020111627e-05,17.713971921389202,4.060001116599498,"{'Intercept': -781.0701556656487, 'np.power(x, 2)': -0.00018978176872999557, 'x': 0.7738630501822505}","{'Intercept': 0.884, 'np.power(x, 2)': 0.889, 'x': 0.886}",0.7565234959656015,7.783712660027504,4.966745454556136,"{'Intercept': -42.05669575295151, 'x': 0.024773108103565603, 'z': 2.562229369793731}","{'Intercept': 0.39, 'x': 0.315, 'z': 0.001}",0.0021004606939922224,13.258080004459856,4.581959512860477,"{'Intercept': -31.493848257006377, 'x': 0.019480519480519598}","{'Intercept': 0.549, 'x': 0.462}",0.46160077881502415,7.973684210526329,4.967416857952779,"{'Intercept': 5.578948134644989, 'np.power(z, 2)': 2.871386119818379, 'z': 1.6410228461170377}","{'Intercept': 0.0, 'np.power(z, 2)': 0.0, 'z': 0.019}",1.6028777682899385e-06,20.34653830615258,4.1528566850516535,"{'Intercept': 7.180605165597548, 'z': 2.5184672419893244}","{'Intercept': 0.0, 'z': 0.001}",0.0007368736065238678,12.217539649576196,4.613959439698635,7.368421052631579,4.0443448352234785,7.368421052631579
9440910.0,"Toke Point,WA",17,29,06/24/2026,No Trend Quad,5,No Temporal Trend with Quadratic ENSO Sensitivity,"{'Intercept': -12788.35795487636, 'np.power(x, 2)': -0.00316649665386149, 'x': 12.732897484502665, 'z': 86.12870735919027, 'x:z': -0.0420172523347076, 'np.power(z, 2)': 2.322188116953325}","{'Intercept': 0.419, 'np.power(x, 2)': 0.425, 'x': 0.422, 'z': 0.541, 'x:z': 0.551, 'np.power(z, 2)': 0.05}",0.03448932888693908,22.341790266431417,5.867993409559678,"{'Intercept': -12651.029354761666, 'np.power(x, 2)': -0.0031379164444008344, 'x': 12.607800078328687}","{'Intercept': 0.457, 'np.power(x, 2)': 0.462, 'x': 0.459}",0.42783042592049636,12.243284594813304,6.546071820533813,"{'Intercept': -131.80118778545273, 'x': 0.07200184645909773, 'z': 2.9401808167564827}","{'Intercept': 0.249, 'x': 0.209, 'z': 0.01}",0.020115778863190097,19.95491477419222,6.150127750222415,"{'Intercept': -118.36790946139467, 'x': 0.06526049124352915}","{'Intercept': 0.327, 'x': 0.281}",0.28095599598390875,13.849845797995386,6.582739989589748,"{'Intercept': 10.8110147688351, 'np.power(z, 2)': 2.0000380081343474, 'z': 2.277186042238405}","{'Intercept': 0.0, 'np.power(z, 2)': 0.079, 'z': 0.05}",0.009375659460165081,23.3655388858493,6.0550553304987575,"{'Intercept': 12.096430205684563, 'z': 2.877672422281818}","{'Intercept': 0.0, 'z': 0.012}",0.012191581351871459,17.8517750502482,6.250989141812544,12.11111111111111,4.812836865385161,12.11111111111111
9443090.0,"Neah Bay, WA",7,18,06/24/2026,Lin ENSO,2,Linear With ENSO Sensitivity,"{'Intercept': 5665.695729392223, 'np.power(x, 2)': 0.0013781589091574067, 'x': -5.585898877969711, 'z': 115.84604015864079, 'x:z': -0.05698018932889758, 'np.power(z, 2)': 2.5798460851178975}","{'Intercept': 0.302, 'np.power(x, 2)': 0.321, 'x': 0.312, 'z': 0.13, 'x:z': 0.138, 'np.power(z, 2)': 0.004}",1.3890287610405686e-06,16.688138727236037,4.952267913098492,"{'Intercept': 4779.342598012753, 'np.power(x, 2)': 0.001152972205603562, 'x': -4.691540252065675}","{'Intercept': 0.449, 'np.power(x, 2)': 0.471, 'x': 0.461}",0.002986007720161879,6.859388335703443,5.8499296585522105,"{'Intercept': 211.91728404316, 'x': -0.10168149323318387, 'z': 3.289204301737885}","{'Intercept': 0.0, 'x': 0.001, 'z': 0.0}",3.313513970973542e-06,12.488987356205257,5.329345822720959,"{'Intercept': 225.47710184552207, 'x': -0.10847573479152388}","{'Intercept': 0.0, 'x': 0.001}",0.0008260948459268711,5.705263157894706,5.870932783348089,"{'Intercept': 8.667600924855877, 'np.power(z, 2)': 2.069997097638671, 'z': 2.8362722330725894}","{'Intercept': 0.0, 'np.power(z, 2)': 0.03, 'z': 0.003}",0.0001095196908108824,22.620133781555737,5.5909409858123515,"{'Intercept': 9.82224375836448, 'z': 3.46882643407633}","{'Intercept': 0.0, 'z': 0.0}",0.0002280554198095582,16.75989662651714,5.775766201501764,6.578947368421052,3.716566358492207,8.525632262474318
9444090.0,"PORT ANGELES, WA",4,10,06/24/2026,No Trend Linear,5,No Temporal Trend with Linear ENSO Sensitivity,"{'Intercept': 4983.741044884742, 'np.power(x, 2)': 0.0012603353053626113, 'x': -5.011183040024453, 'z': 205.17820990532744, 'x:z': -0.1019055150382816, 'np.power(z, 2)': 1.054626784677613}","{'Intercept': 0.613, 'np.power(x, 2)': 0.609, 'x': 0.611, 'z': 0.016, 'x:z': 0.017, 'np.power(z, 2)': 0.059}",0.005753273385509693,6.0060656840305455,2.5399094656072565,"{'Intercept': 6833.618413600302, 'np.power(x, 2)': 0.0017156261209386355, 'x': -6.8463558874057355}","{'Intercept': 0.545, 'np.power(x, 2)': 0.543, 'x': 0.544}",0.6610466167787097,4.990749306196449,3.0530924060677678,"{'Intercept': -61.416121152366316, 'x': 0.032545077383310514, 'z': 1.5764785699974682}","{'Intercept': 0.336, 'x': 0.308, 'z': 0.007}",0.020443048668457513,7.673162766215725,2.8211676417265084,"{'Intercept': -42.302266419981905, 'x': 0.02301110083256265}","{'Intercept': 0.534, 'x': 0.498}",0.4981622717611469,4.318223866790028,3.066102671558222,"{'Intercept': 3.190885417584132, 'np.power(z, 2)': 0.9468014997270914, 'z': 1.1208299763475866}","{'Intercept': 0.0, 'np.power(z, 2)': 0.101, 'z': 0.065}",0.008872484453226697,9.219751369187671,2.7681540042440154,"{'Intercept': 3.740173998889368, 'z': 1.5147775652495836}","{'Intercept': 0.0, 'z': 0.009}",0.009086712039426513,6.769729129388535,2.855108028933557,3.8947368421052633,3.4301722801260333,3.8947368421052633
9444900.0,"Port Townsend, WA",6,11,06/24/2026,No Trend Quad,5,No Temporal Trend with Quadratic ENSO Sensitivity,"{'Intercept': 5330.279237207482, 'np.power(x, 2)': 0.001354678959917272, 'x': -5.373784916218066, 'z': 101.91705688548373, 'x:z': -0.05087386564262777, 'np.power(z, 2)': 1.6964514249155622}","{'Intercept': 0.487, 'np.power(x, 2)': 0.48, 'x': 0.484, 'z': 0.123, 'x:z': 0.124, 'np.power(z, 2)': 0.003}",0.014884784246315319,7.9882273137682205,2.714851788365648,"{'Intercept': 6662.2044205277925, 'np.power(x, 2)': 0.0016841403720759681, 'x': -6.698159027021708}","{'Intercept': 0.425, 'np.power(x, 2)': 0.42, 'x': 0.423}",0.35651180441321917,4.5847976731092785,3.0932683918445645,"{'Intercept': -68.75916443687375, 'x': 0.035804097348305114, 'z': 0.7917218894371808}","{'Intercept': 0.244, 'x': 0.225, 'z': 0.154}",0.17746195513780463,5.363380569666788,3.0486372858598463,"{'Intercept': -68.2380986050646, 'x': 0.03553499459601418}","{'Intercept': 0.252, 'x': 0.233}",0.2332432388710145,3.7558004464601424,3.1144963320837884,"{'Intercept': 1.887093112352944, 'np.power(z, 2)': 1.4563127000212233, 'z': 0.3389849688195921}","{'Intercept': 0.001, 'np.power(z, 2)': 0.009, 'z': 0.535}",0.011711751561309158,8.390313850077021,2.880794986175605,"{'Intercept': 2.8405131980479, 'z': 0.7874300913117305}","{'Intercept': 0.0, 'z': 0.158}",0.15833101262133795,4.415373380671361,3.0962784441530355,3.6315789473684212,3.2695654878794165,3.6315789473684212
9447130.0,"Seattle, WA",3,8,06/24/2026,Lin ENSO,2,Linear With ENSO Sensitivity,"{'Intercept': 2301.416734162795, 'np.power(x, 2)': 0.0005989567109322697, 'x': -2.3479068488531474, 'z': 24.588466620416284, 'x:z': -0.012046503404325866, 'np.power(z, 2)': 1.3106726248100993}","{'Intercept': 0.354, 'np.power(x, 2)': 0.341, 'x': 0.348, 'z': 0.475, 'x:z': 0.486, 'np.power(z, 2)': 0.001}",0.00020636225189977925,8.687886734688163,2.243166356596759,"{'Intercept': 1767.7721631103173, 'np.power(x, 2)': 0.00046425835899420264, 'x': -1.8112779681161009}","{'Intercept': 0.519, 'np.power(x, 2)': 0.504, 'x': 0.512}",0.03869595393275211,3.753143669984638,2.5398450849073826,"{'Intercept': -70.13632688534729, 'x': 0.036272917302233955, 'z': 1.028219064582572}","{'Intercept': 0.008, 'x': 0.007, 'z': 0.008}",0.001470093673858483,5.409041698143852,2.4285708742472423,"{'Intercept': -65.89747095010235, 'x': 0.03414900888585091}","{'Intercept': 0.016, 'x': 0.014}",0.013551577858895643,3.288421052631591,2.5476905339692726,"{'Intercept': 1.2116261117337341, 'np.power(z, 2)': 1.336620993021375, 'z': 0.55569478219346}","{'Intercept': 0.001, 'np.power(z, 2)': 0.001, 'z': 0.159}",0.000312351705274984,7.669499648206155,2.3775830627605044,"{'Intercept': 1.9571923023674362, 'z': 0.9641423231344315}","{'Intercept': 0.0, 'z': 0.017}",0.017303891091321074,3.885476948636299,2.555159179539342,3.1578947368421053,2.872535811492016,2.4005468215994767
9449424.0,"CHERRY POINT, WA",6,12,06/24/2026,No Trend Quad,5,No Temporal Trend with Quadratic ENSO Sensitivity,"{'Intercept': 1503.7669232825513, 'np.power(x, 2)': 0.00036123866015026496, 'x': -1.4732682991542965, 'z': 101.89365834260137, 'x:z': -0.05059651331528665, 'np.power(z, 2)': 1.4243474247162309}","{'Intercept': 0.838, 'np.power(x, 2)': 0.845, 'x': 0.842, 'z': 0.138, 'x:z': 0.142, 'np.power(z, 2)': 0.013}",0.01766255692326771,6.160642217421582,2.7970577929123253,"{'Intercept': 688.3889492806858, 'np.power(x, 2)': 0.0001558461980309239, 'x': -0.6543292740661806}","{'Intercept': 0.932, 'np.power(x, 2)': 0.939, 'x': 0.936}",0.55740425571478,2.4159887713846047,3.184281889247491,"{'Intercept': 61.290030144571936, 'x': -0.02906497964213906, 'z': 1.2835967687117866}","{'Intercept': 0.271, 'x': 0.296, 'z': 0.024}",0.0419679649612857,4.971574927021777,3.0237540244380865,"{'Intercept': 65.99849454826457, 'x': -0.03142299069330484}","{'Intercept': 0.255, 'x': 0.278}",0.27844535174546325,2.3355154036289676,3.1844722030515498,"{'Intercept': 2.4032049319926987, 'np.power(z, 2)': 1.3005863515757317, 'z': 0.8535336762854719}","{'Intercept': 0.0, 'np.power(z, 2)': 0.02, 'z': 0.133}",0.004775414830213554,9.312617690866569,2.895131690773279,"{'Intercept': 3.19360330636734, 'z': 1.3048761873451613}","{'Intercept': 0.0, 'z': 0.021}",0.021422630187583384,5.8033556810576625,3.057282227195852,2.789473684210526,2.274959031826997,2.789473684210526
9449880.0,"FRIDAY HARBOR, WA",7,14,06/24/2026,Quad ENSO,4,Quadratic With ENSO Sensitivity,"{'Intercept': 6377.566718386615, 'np.power(x, 2)': 0.0016238429009159808, 'x': -6.435232936834375, 'z': 27.915296086856305, 'x:z': -0.013724548747826297, 'np.power(z, 2)': 1.231048070511446}","{'Intercept': 0.082, 'np.power(x, 2)': 0.08, 'x': 0.081, 'z': 0.582, 'x:z': 0.591, 'np.power(z, 2)': 0.034}",0.041675405443025844,10.276684449942877,3.263567175147013,"{'Intercept': 5949.053772007717, 'np.power(x, 2)': 0.0015154220633028209, 'x': -6.003750591200623}","{'Intercept': 0.116, 'np.power(x, 2)': 0.113, 'x': 0.115}",0.16080247221803515,5.771647344824487,3.459011448984089,"{'Intercept': -41.06656293654716, 'x': 0.022403445432810403, 'z': 0.979059370648039}","{'Intercept': 0.279, 'x': 0.241, 'z': 0.075}",0.11567744528690582,6.280936251622798,3.442773990604649,"{'Intercept': -37.56921158705765, 'x': 0.02064942028226839}","{'Intercept': 0.329, 'x': 0.286}",0.2861747294423873,4.266513904818112,3.5219816209678694,"{'Intercept': 2.8139441763805686, 'np.power(z, 2)': 1.1670949875827872, 'z': 0.5890904247939898}","{'Intercept': 0.0, 'np.power(z, 2)': 0.044, 'z': 0.296}",0.030071447462520738,8.660504976299697,3.377147447534857,"{'Intercept': 3.4840780487804897, 'z': 0.9461463414634143}","{'Intercept': 0.0, 'z': 0.086}",0.0858858123280239,5.376370731707318,3.4770049056526378,4.684210526315789,3.8880533772477306,3.2408428177550377
9751401.0,"LIME TREE BAY, VI",0,0,06/24/2026,19 Yr Avg,6,No Temporal Trend with 19 year average,"{'Intercept': -451.03430766957314, 'np.power(x, 2)': -0.00011184101058846006, 'x': 0.4492161197442184, 'z': -0.5072438329695205, 'x:z': 0.00021453372961463814, 'np.power(z, 2)': 0.038752124928976846}","{'Intercept': 0.709, 'np.power(x, 2)': 0.71, 'x': 0.709, 'z': 0.954, 'x:z': 0.961, 'np.power(z, 2)': 0.454}",0.7498361601567114,0.01625046019086085,0.21454588000270056,"{'Intercept': -601.2204081263523, 'np.power(x, 2)': -0.00014916143841814654, 'x': 0.598965101280585}","{'Intercept': 0.614, 'np.power(x, 2)': 0.615, 'x': 0.614}",0.8567084422504683,0.023510667668801943,0.2223123532182307,"{'Intercept': -1.0802234327538676, 'x': 0.0005636001855518957, 'z': -0.06470853819603224}","{'Intercept': 0.866, 'x': 0.86, 'z': 0.175}",0.3825133846504266,-0.06778653321779138,0.21724924197176634,"{'Intercept': -1.4386809011501482, 'x': 0.0007433869535589466}","{'Intercept': 0.825, 'x': 0.818}",0.8182183795418901,0.06742106676027748,0.22313082053782557,"{'Intercept': 0.02516782776410535, 'np.power(z, 2)': 0.039886160166849524, 'z': -0.07900617432924359}","{'Intercept': 0.597, 'np.power(z, 2)': 0.405, 'z': 0.116}",0.27348447514353097,0.026700119773016256,0.21517658655637625,"{'Intercept': 0.050406267812636234, 'z': -0.06504755624601835}","{'Intercept': 0.173, 'z': 0.166}",0.16610278233826767,-0.07968884467940046,0.21734712560792907,0.05263157894736842,0.22941573387056174,0.05263157894736842
9751639.0,"CHARLOTTE AMALIE, VI",0,0,06/24/2026,19 Yr Avg,6,No Temporal Trend with 19 year average,"{'Intercept': -116.27358126004724, 'np.power(x, 2)': -3.093203769257439e-05, 'x': 0.12004587066485033, 'z': -4.92486522019656, 'x:z': 0.0024504201097244652, 'np.power(z, 2)': -0.03224566650311638}","{'Intercept': 0.907, 'np.power(x, 2)': 0.9, 'x': 0.903, 'z': 0.493, 'x:z': 0.494, 'np.power(z, 2)': 0.496}",0.7148665021617628,-0.07625086266801873,0.2092037087826866,"{'Intercept': -223.58754012078674, 'np.power(x, 2)': -5.741613465992544e-05, 'x': 0.22666046605186638}","{'Intercept': 0.816, 'np.power(x, 2)': 0.81, 'x': 0.813}",0.46333673720766877,-0.04806585106956618,0.21346023679871767,"{'Intercept': 7.091003893672838, 'x': -0.003514483147839134, 'z': -0.03320330113453578}","{'Intercept': 0.204, 'x': 0.207, 'z': 0.444}",0.35460248572016745,-0.0957455661183193,0.2119227903536601,"{'Intercept': 6.833559113300341, 'x': -0.0033866995073890873}","{'Intercept': 0.217, 'x': 0.221}",0.22061745644841196,-0.027894088669950357,0.21362891955663665,"{'Intercept': 0.06810595435250855, 'np.power(z, 2)': -0.026036675340164763, 'z': -0.018747524488428976}","{'Intercept': 0.149, 'np.power(z, 2)': 0.575, 'z': 0.697}",0.6766073147084348,-0.07353579598500845,0.21565588294948873,"{'Intercept': 0.051344604561443324, 'z': -0.029880101365407172}","{'Intercept': 0.153, 'z': 0.494}",0.493512025439902,-0.00841559816937102,0.2165868601693861,0.0,0.0,0.0
9755371.0,"SAN JUAN, PR",0,0,06/24/2026,19 Yr Avg,6,No Temporal Trend with 19 year average,"{'Intercept': 14.010087951448735, 'np.power(x, 2)': 3.601502508970597e-06, 'x': -0.01417860059767238, 'z': 0.5762316720681637, 'x:z': -0.00029130451965680217, 'np.power(z, 2)': -0.029728154195554825}","{'Intercept': 0.985, 'np.power(x, 2)': 0.985, 'x': 0.985, 'z': 0.934, 'x:z': 0.933, 'np.power(z, 2)': 0.527}",0.9811569907859404,-0.07957113321936404,0.2021391046111465,"{'Intercept': 62.71289292918818, 'np.power(x, 2)': 1.5728899341274963e-05, 'x': -0.06279414905392385}","{'Intercept': 0.932, 'np.power(x, 2)': 0.931, 'x': 0.931}",0.9932182685472316,0.053982578485630484,0.20389885005765448,"{'Intercept': 0.06785844953228927, 'x': -1.1653459426024852e-05, 'z': -0.022938145223875748}","{'Intercept': 0.988, 'x': 0.996, 'z': 0.586}",0.8583214285677605,-0.0016277497125885762,0.20320784962073019,"{'Intercept': -0.31145585632128253, 'x': 0.0001772685948425024}","{'Intercept': 0.945, 'x': 0.938}",0.9375698915266988,0.04769031682962732,0.2039167414126093,"{'Intercept': 0.06025186226745996, 'np.power(z, 2)': -0.02910752324181238, 'z': -0.008290351003714006}","{'Intercept': 0.129, 'np.power(z, 2)': 0.511, 'z': 0.86}",0.6899164269971534,-0.07275893270721756,0.2021783209314475,"{'Intercept': 0.044523979957050826, 'z': -0.022906227630637082}","{'Intercept': 0.154, 'z': 0.578}",0.5782313807812399,-0.0012884753042233382,0.20320791057172366,0.05263157894736842,0.22941573387056174,0.05263157894736842
9759110.0,"MAGUEYES ISLAND, PR",0,1,06/24/2026,19 Yr Avg,6,No Temporal Trend with 19 year average,"{'Intercept': 235.85391943204482, 'np.power(x, 2)': 6.0543997211166385e-05, 'x': -0.23898992245982267, 'z': 6.504237558310784, 'x:z': -0.0032948862130065854, 'np.power(z, 2)': 0.01548171202978035}","{'Intercept': 0.596, 'np.power(x, 2)': 0.589, 'x': 0.593, 'z': 0.197, 'x:z': 0.194, 'np.power(z, 2)': 0.772}",0.4951414705306222,-0.10664814517627974,0.2929265469265086,"{'Intercept': 278.4660520909864, 'np.power(x, 2)': 7.126134504275088e-05, 'x': -0.2817264789774321}","{'Intercept': 0.529, 'np.power(x, 2)': 0.522, 'x': 0.525}",0.46721462857521034,0.19293840740755286,0.3004221107226937,"{'Intercept': -3.9851482510109255, 'x': 0.002032597803471905, 'z': -0.05176326183471461}","{'Intercept': 0.333, 'x': 0.326, 'z': 0.29}",0.32697731293348664,0.029368375153724813,0.2986103074010871,"{'Intercept': -4.289663917646038, 'x': 0.002184718920861187}","{'Intercept': 0.297, 'x': 0.29}",0.2902761022876476,0.1365766160187274,0.3014755434995212,"{'Intercept': 0.06281617439843151, 'np.power(z, 2)': 0.004897430971691373, 'z': -0.05662375011865165}","{'Intercept': 0.228, 'np.power(z, 2)': 0.926, 'z': 0.275}",0.5300164568124097,-0.0308416019521063,0.30106498454667896,"{'Intercept': 0.06593832201010216, 'z': -0.055109977891458356}","{'Intercept': 0.095, 'z': 0.259}",0.2594382037044037,-0.04428163377281455,0.30108716341616487,0.1111111111111111,0.4714045207910317,0.1111111111111111
